<?xml version = '1.0' encoding = 'UTF-8'?>
<relationalModel class="oracle.dbtools.crest.model.design.relational.RelationalDesign" name="Relational_1" id="BC88129E-3AC4-ACAD-F1DB-ACED842CCC44" mainViewID="48F717DE-79E5-C7C5-058D-9A7FA6784C37">
<createdBy>vtan0019</createdBy>
<createdTime>2020-05-11 09:59:21 UTC</createdTime>
<ownerDesignName>mau_oraclemodel</ownerDesignName>
<shouldBeOpen>false</shouldBeOpen>
<selectedRDBMSSite>32076570-2523-435C-2E92-BF29817DFF70</selectedRDBMSSite>
</relationalModel>