<?xml version = '1.0' encoding = 'UTF-8'?>
<Diagram class="oracle.dbtools.crest.swingui.logical.DPVLogical" name="Logical" id="6E5C737C-95C1-03B0-14F9-7CB36CD06313">
<createdBy>vtan0019</createdBy>
<modifiedBy>vtan0019</modifiedBy>
<createdTime>2020-05-11 09:59:55 UTC</createdTime>
<autoRoute>false</autoRoute>
<boxInbox>true</boxInbox>
<showLegend>true</showLegend>
<showLabels>true</showLabels>
<showRelAttributes>false</showRelAttributes>
<gridEnabled>false</gridEnabled>
<showGrid>false</showGrid>
<diagramColor>-1</diagramColor>
<display>false</display>
<notation>2</notation>
<showAllDetails>false</showAllDetails>
<showElements>true</showElements>
<objectViews>
<OView class="oracle.dbtools.crest.swingui.TVLegend" oid="0E6C8E53-2292-797B-F64D-231116150FA4" otype="Legend" vid="314AA2A2-2BD9-CF3E-AB30-6E0A32FE6F7F">
<hideElementsInCurrentOnly>false</hideElementsInCurrentOnly>
<bounds x="10" y="10" width="232" height="135"/>
</OView>
<OView class="oracle.dbtools.crest.swingui.logical.TVEntity" oid="0EA29B24-B4DB-8DE7-499A-B8851C03440C" otype="Entity" vid="317941A8-0BB4-2136-4AF4-F1ADB83BFB60">
<hideElementsInCurrentOnly>false</hideElementsInCurrentOnly>
<bounds x="666" y="285" width="170" height="110"/>
</OView>
<OView class="oracle.dbtools.crest.swingui.logical.TVEntity" oid="3080F79A-49AC-2C7B-51B0-9334B1F52DEE" otype="Entity" vid="22B6F9D5-66C6-A848-AE60-23366614C986">
<hideElementsInCurrentOnly>false</hideElementsInCurrentOnly>
<bounds x="383" y="58" width="170" height="140"/>
</OView>
<OView class="oracle.dbtools.crest.swingui.logical.TVEntity" oid="3229A567-41F2-3EA8-9A0E-405374CD661B" otype="Entity" vid="1A09A027-4631-40E1-4F2B-BA84E0136B1F">
<hideElementsInCurrentOnly>false</hideElementsInCurrentOnly>
<bounds x="61" y="351" width="170" height="56"/>
</OView>
<OView class="oracle.dbtools.crest.swingui.logical.TVEntity" oid="599B7463-1014-C40D-4B91-8B4D5E4E1240" otype="Entity" vid="BB87E52A-9516-5419-3A62-61D18CBE1D7A">
<hideElementsInCurrentOnly>false</hideElementsInCurrentOnly>
<bounds x="71" y="488" width="170" height="83"/>
</OView>
<OView class="oracle.dbtools.crest.swingui.logical.TVEntity" oid="B651F99C-63E9-AD97-B25F-8E39474B3A15" otype="Entity" vid="DD2A6A91-C6F4-E009-37FA-8BBD9B5AB952">
<hideElementsInCurrentOnly>false</hideElementsInCurrentOnly>
<bounds x="371" y="355" width="170" height="128"/>
</OView>
<OView class="oracle.dbtools.crest.swingui.logical.TVEntity" oid="D6E529C4-82EA-F9E6-ECB6-DBDDD5A390FF" otype="Entity" vid="6FBBE5B4-8A20-0E15-8D8B-BDBD1ECC2F1E">
<hideElementsInCurrentOnly>false</hideElementsInCurrentOnly>
<bounds x="579" y="579" width="170" height="144"/>
</OView>
<OView class="oracle.dbtools.crest.swingui.logical.TVEntity" oid="E3ECC22C-4924-1709-9EA8-9B8F2E374062" otype="Entity" vid="39A4DECF-CD49-287E-035F-68FBBBFC56CC">
<hideElementsInCurrentOnly>false</hideElementsInCurrentOnly>
<bounds x="891" y="395" width="170" height="124"/>
</OView>
<OView class="oracle.dbtools.crest.swingui.logical.TVEntity" oid="E78A2B32-E29D-85DD-2782-62CAA21ECFE7" otype="Entity" vid="8FB6C65C-6B05-90F0-8CE5-B920FDF65B05">
<hideElementsInCurrentOnly>false</hideElementsInCurrentOnly>
<bounds x="897" y="596" width="170" height="124"/>
</OView>
<OView class="oracle.dbtools.crest.swingui.logical.TVEntity" oid="EB2AE6B9-CA50-B3BA-DF07-8F58DE34C5EE" otype="Entity" vid="D77FC6DD-3FD5-ADEF-665B-485B7C0367DC">
<hideElementsInCurrentOnly>false</hideElementsInCurrentOnly>
<bounds x="678" y="20" width="170" height="181"/>
</OView>
</objectViews>
<connectors>
<Connector class="oracle.dbtools.crest.swingui.logical.TVRelation" oid="3033DF46-F4D7-B3B6-E952-E0CB8F0E339C" otype="Relation" vid_source="39A4DECF-CD49-287E-035F-68FBBBFC56CC" vid_target="8FB6C65C-6B05-90F0-8CE5-B920FDF65B05">
<hideElementsInCurrentOnly>false</hideElementsInCurrentOnly>
<backgroundColor>-16777216</backgroundColor>
<lineWidth>1</lineWidth>
<sourceLabel class="oracle.dbtools.crest.model.design.Label">
<site>0</site>
<labelBounds x="979" y="544" width="61" height="19"/>
<noBackgroundColor>true</noBackgroundColor>
<noForegroundColor>true</noForegroundColor>
</sourceLabel>
<points>
<point x="979" y="519"/>
<point x="979" y="596"/>
</points>
</Connector>
<Connector class="oracle.dbtools.crest.swingui.logical.TVRelation" oid="41E881E6-B60B-FDBF-F6EF-4BD381DF7793" otype="Relation" vid_source="BB87E52A-9516-5419-3A62-61D18CBE1D7A" vid_target="DD2A6A91-C6F4-E009-37FA-8BBD9B5AB952">
<hideElementsInCurrentOnly>false</hideElementsInCurrentOnly>
<backgroundColor>-16777216</backgroundColor>
<lineWidth>1</lineWidth>
<sourceLabel class="oracle.dbtools.crest.model.design.Label">
<site>0</site>
<labelBounds x="154" y="452" width="71" height="30"/>
<noBackgroundColor>true</noBackgroundColor>
<noForegroundColor>true</noForegroundColor>
</sourceLabel>
<points>
<point x="154" y="488"/>
<point x="154" y="443"/>
<point x="371" y="443"/>
</points>
</Connector>
<Connector class="oracle.dbtools.crest.swingui.logical.TVRelation" oid="66EAD893-5925-EC8E-71D6-E7F0E897109E" otype="Relation" vid_source="D77FC6DD-3FD5-ADEF-665B-485B7C0367DC" vid_target="317941A8-0BB4-2136-4AF4-F1ADB83BFB60">
<hideElementsInCurrentOnly>false</hideElementsInCurrentOnly>
<backgroundColor>-16777216</backgroundColor>
<lineWidth>1</lineWidth>
<sourceLabel class="oracle.dbtools.crest.model.design.Label">
<site>0</site>
<labelBounds x="757" y="237" width="59" height="30"/>
<noBackgroundColor>true</noBackgroundColor>
<noForegroundColor>true</noForegroundColor>
</sourceLabel>
<points>
<point x="757" y="201"/>
<point x="757" y="285"/>
</points>
</Connector>
<Connector class="oracle.dbtools.crest.swingui.logical.TVRelation" oid="79629027-FD4D-1200-AAD8-7081BE93B0B5" otype="Relation" vid_source="D77FC6DD-3FD5-ADEF-665B-485B7C0367DC" vid_target="39A4DECF-CD49-287E-035F-68FBBBFC56CC">
<hideElementsInCurrentOnly>false</hideElementsInCurrentOnly>
<backgroundColor>-16777216</backgroundColor>
<lineWidth>1</lineWidth>
<sourceLabel class="oracle.dbtools.crest.model.design.Label">
<site>0</site>
<labelBounds x="858" y="85" width="52" height="30"/>
<noBackgroundColor>true</noBackgroundColor>
<noForegroundColor>true</noForegroundColor>
</sourceLabel>
<points>
<point x="848" y="115"/>
<point x="862" y="115"/>
<point x="969" y="116"/>
<point x="969" y="395"/>
</points>
</Connector>
<Connector class="oracle.dbtools.crest.swingui.logical.TVRelation" oid="BCC81050-522C-1B12-2A6D-F07BAD0D8B5B" otype="Relation" vid_source="DD2A6A91-C6F4-E009-37FA-8BBD9B5AB952" vid_target="317941A8-0BB4-2136-4AF4-F1ADB83BFB60">
<hideElementsInCurrentOnly>false</hideElementsInCurrentOnly>
<backgroundColor>-16777216</backgroundColor>
<lineWidth>1</lineWidth>
<sourceLabel class="oracle.dbtools.crest.model.design.Label">
<site>0</site>
<labelBounds x="551" y="355" width="31" height="20"/>
<noBackgroundColor>true</noBackgroundColor>
<noForegroundColor>true</noForegroundColor>
</sourceLabel>
<points>
<point x="541" y="375"/>
<point x="666" y="375"/>
</points>
</Connector>
<Connector class="oracle.dbtools.crest.swingui.logical.TVRelation" oid="BD05B923-6DC8-9B83-7A9F-6AB0A9DB82DA" otype="Relation" vid_source="DD2A6A91-C6F4-E009-37FA-8BBD9B5AB952" vid_target="39A4DECF-CD49-287E-035F-68FBBBFC56CC">
<hideElementsInCurrentOnly>false</hideElementsInCurrentOnly>
<backgroundColor>-16777216</backgroundColor>
<lineWidth>1</lineWidth>
<sourceLabel class="oracle.dbtools.crest.model.design.Label">
<site>0</site>
<labelBounds x="551" y="422" width="79" height="17"/>
<noBackgroundColor>true</noBackgroundColor>
<noForegroundColor>true</noForegroundColor>
</sourceLabel>
<points>
<point x="541" y="439"/>
<point x="891" y="439"/>
</points>
</Connector>
<Connector class="oracle.dbtools.crest.swingui.logical.TVRelation" oid="DA5B9299-79FD-B893-9EB4-DF9A1D981FDF" otype="Relation" vid_source="BB87E52A-9516-5419-3A62-61D18CBE1D7A" vid_target="BB87E52A-9516-5419-3A62-61D18CBE1D7A">
<hideElementsInCurrentOnly>false</hideElementsInCurrentOnly>
<backgroundColor>-16777216</backgroundColor>
<lineWidth>1</lineWidth>
<sourceLabel class="oracle.dbtools.crest.model.design.Label">
<site>0</site>
<labelBounds x="266" y="531" width="60" height="20"/>
<noBackgroundColor>true</noBackgroundColor>
<noForegroundColor>true</noForegroundColor>
</sourceLabel>
<points>
<point x="241" y="536"/>
<point x="266" y="536"/>
<point x="266" y="596"/>
<point x="171" y="596"/>
<point x="171" y="571"/>
</points>
</Connector>
<Connector class="oracle.dbtools.crest.swingui.logical.TVRelation" oid="E6A79E85-0B27-2407-2E8B-1A322AFAF42A" otype="Relation" vid_source="1A09A027-4631-40E1-4F2B-BA84E0136B1F" vid_target="DD2A6A91-C6F4-E009-37FA-8BBD9B5AB952">
<hideElementsInCurrentOnly>false</hideElementsInCurrentOnly>
<backgroundColor>-16777216</backgroundColor>
<lineWidth>1</lineWidth>
<sourceLabel class="oracle.dbtools.crest.model.design.Label">
<site>0</site>
<labelBounds x="241" y="356" width="53" height="25"/>
<noBackgroundColor>true</noBackgroundColor>
<noForegroundColor>true</noForegroundColor>
</sourceLabel>
<points>
<point x="231" y="381"/>
<point x="371" y="381"/>
</points>
</Connector>
<Connector class="oracle.dbtools.crest.swingui.logical.TVRelation" oid="FA82C6E5-95E4-9A46-5C99-C12ACAF146B5" otype="Relation" vid_source="22B6F9D5-66C6-A848-AE60-23366614C986" vid_target="DD2A6A91-C6F4-E009-37FA-8BBD9B5AB952">
<hideElementsInCurrentOnly>false</hideElementsInCurrentOnly>
<backgroundColor>-16777216</backgroundColor>
<lineWidth>1</lineWidth>
<sourceLabel class="oracle.dbtools.crest.model.design.Label">
<site>0</site>
<labelBounds x="462" y="234" width="49" height="30"/>
<noBackgroundColor>true</noBackgroundColor>
<noForegroundColor>true</noForegroundColor>
</sourceLabel>
<points>
<point x="462" y="198"/>
<point x="462" y="355"/>
</points>
</Connector>
<Connector class="oracle.dbtools.crest.swingui.logical.TVRelation" oid="FC2CECE2-0798-7B20-AE33-A4A4C26EC6C3" otype="Relation" vid_source="6FBBE5B4-8A20-0E15-8D8B-BDBD1ECC2F1E" vid_target="8FB6C65C-6B05-90F0-8CE5-B920FDF65B05">
<hideElementsInCurrentOnly>false</hideElementsInCurrentOnly>
<backgroundColor>-16777216</backgroundColor>
<lineWidth>1</lineWidth>
<sourceLabel class="oracle.dbtools.crest.model.design.Label">
<site>0</site>
<labelBounds x="759" y="628" width="135" height="30"/>
<noBackgroundColor>true</noBackgroundColor>
<noForegroundColor>true</noForegroundColor>
</sourceLabel>
<points>
<point x="749" y="658"/>
<point x="897" y="658"/>
</points>
</Connector>
</connectors>
</Diagram>
