<?xml version = '1.0' encoding = 'UTF-8'?>
<Diagram class="oracle.dbtools.crest.swingui.relational.DPVRelational" name="Relational_1" id="48F717DE-79E5-C7C5-058D-9A7FA6784C37">
<createdBy>vtan0019</createdBy>
<modifiedBy>vtan0019</modifiedBy>
<createdTime>2020-05-11 11:27:20 UTC</createdTime>
<autoRoute>false</autoRoute>
<boxInbox>true</boxInbox>
<showLegend>true</showLegend>
<showLabels>false</showLabels>
<showRelAttributes>false</showRelAttributes>
<gridEnabled>false</gridEnabled>
<showGrid>false</showGrid>
<diagramColor>-1</diagramColor>
<display>false</display>
<notation>1</notation>
<objectViews>
<OView class="oracle.dbtools.crest.swingui.relational.TVTable" oid="1561554F-BD8A-595B-E683-7A7F3B76D6AC" otype="Table" vid="1BFB0F26-0E16-FC60-87C2-EDD6BBD65605">
<hideElementsInCurrentOnly>false</hideElementsInCurrentOnly>
<bounds x="604" y="673" width="236" height="165"/>
</OView>
<OView class="oracle.dbtools.crest.swingui.relational.TVTable" oid="280D0069-E2DE-980B-EF57-10837991EC05" otype="Table" vid="B44ABCD7-63E1-04B0-150B-F3C58D53EDCD">
<hideElementsInCurrentOnly>false</hideElementsInCurrentOnly>
<bounds x="61" y="560" width="216" height="138"/>
</OView>
<OView class="oracle.dbtools.crest.swingui.relational.TVTable" oid="486276AD-3251-22E8-9CB3-8AEB8AC51DF5" otype="Table" vid="06F00617-9DD6-6E74-67B8-4EBBAC46C224">
<hideElementsInCurrentOnly>false</hideElementsInCurrentOnly>
<bounds x="613" y="0" width="251" height="209"/>
</OView>
<OView class="oracle.dbtools.crest.swingui.TVLegend" oid="7D798ABC-8D96-3885-B1D1-D987D8709277" otype="Legend" vid="BE3C7991-7B32-9DA1-9DC4-05FBC1B92D28">
<hideElementsInCurrentOnly>false</hideElementsInCurrentOnly>
<bounds x="10" y="10" width="257" height="135"/>
</OView>
<OView class="oracle.dbtools.crest.swingui.relational.TVTable" oid="A2AB27E9-3945-2BD1-85DE-CD01D125740E" otype="Table" vid="94359122-27E9-4AC3-8EF7-FCF111B1DACF">
<hideElementsInCurrentOnly>false</hideElementsInCurrentOnly>
<bounds x="48" y="378" width="217" height="93"/>
</OView>
<OView class="oracle.dbtools.crest.swingui.relational.TVTable" oid="AB14E7E2-A0EE-D924-DC27-77AEF7BCFDEB" otype="Table" vid="612F03E5-B1A1-7E22-946B-9A9543B94A78">
<hideElementsInCurrentOnly>false</hideElementsInCurrentOnly>
<bounds x="955" y="681" width="268" height="172"/>
</OView>
<OView class="oracle.dbtools.crest.swingui.relational.TVTable" oid="BCAEB21D-C2F0-D2E4-4B0F-D8D94906E4E8" otype="Table" vid="EE98D70C-4F75-9EC5-60AD-4C3C88D0F490">
<hideElementsInCurrentOnly>false</hideElementsInCurrentOnly>
<bounds x="1000" y="447" width="292" height="191"/>
</OView>
<OView class="oracle.dbtools.crest.swingui.relational.TVTable" oid="C187CF92-1168-F301-727B-9783974863B4" otype="Table" vid="482AA029-3CBA-2D7B-34E6-11D88943EAB3">
<hideElementsInCurrentOnly>false</hideElementsInCurrentOnly>
<bounds x="347" y="409" width="239" height="202"/>
</OView>
<OView class="oracle.dbtools.crest.swingui.relational.TVTable" oid="D8F6BA57-A56D-F263-A848-9FD32EF403C3" otype="Table" vid="6B20DDB1-FB8B-7FB6-9171-35C6D60BF39E">
<hideElementsInCurrentOnly>false</hideElementsInCurrentOnly>
<bounds x="666" y="305" width="250" height="181"/>
</OView>
<OView class="oracle.dbtools.crest.swingui.relational.TVTable" oid="FF2A8FC6-096F-7DE7-49F7-5E0AC5313A6D" otype="Table" vid="91607B02-6FB9-4899-3E91-9E0E8BC347E3">
<hideElementsInCurrentOnly>false</hideElementsInCurrentOnly>
<bounds x="322" y="1" width="213" height="163"/>
</OView>
</objectViews>
<connectors>
<Connector class="oracle.dbtools.crest.swingui.relational.TVFKRelation" oid="18D551CB-FA59-3999-B774-0FF419D32A2B" otype="FKIndexAssociation" vid_source="91607B02-6FB9-4899-3E91-9E0E8BC347E3" vid_target="482AA029-3CBA-2D7B-34E6-11D88943EAB3">
<hideElementsInCurrentOnly>false</hideElementsInCurrentOnly>
<backgroundColor>-16777216</backgroundColor>
<lineWidth>1</lineWidth>
<points>
<point x="441" y="164"/>
<point x="441" y="409"/>
</points>
</Connector>
<Connector class="oracle.dbtools.crest.swingui.relational.TVFKRelation" oid="2DCCE05B-32E3-0A16-669A-DBD193691B80" otype="FKIndexAssociation" vid_source="B44ABCD7-63E1-04B0-150B-F3C58D53EDCD" vid_target="B44ABCD7-63E1-04B0-150B-F3C58D53EDCD">
<hideElementsInCurrentOnly>false</hideElementsInCurrentOnly>
<backgroundColor>-16777216</backgroundColor>
<lineWidth>1</lineWidth>
<points>
<point x="277" y="641"/>
<point x="327" y="641"/>
<point x="327" y="748"/>
<point x="188" y="748"/>
<point x="188" y="698"/>
</points>
</Connector>
<Connector class="oracle.dbtools.crest.swingui.relational.TVFKRelation" oid="52986D80-B63C-135B-8B9D-33FE684D9266" otype="FKIndexAssociation" vid_source="482AA029-3CBA-2D7B-34E6-11D88943EAB3" vid_target="6B20DDB1-FB8B-7FB6-9171-35C6D60BF39E">
<hideElementsInCurrentOnly>false</hideElementsInCurrentOnly>
<backgroundColor>-16777216</backgroundColor>
<lineWidth>1</lineWidth>
<points>
<point x="586" y="447"/>
<point x="666" y="447"/>
</points>
</Connector>
<Connector class="oracle.dbtools.crest.swingui.relational.TVFKRelation" oid="557D45E0-67FE-D3F8-E83B-7EB0C5872C6F" otype="FKIndexAssociation" vid_source="B44ABCD7-63E1-04B0-150B-F3C58D53EDCD" vid_target="482AA029-3CBA-2D7B-34E6-11D88943EAB3">
<hideElementsInCurrentOnly>false</hideElementsInCurrentOnly>
<backgroundColor>-16777216</backgroundColor>
<lineWidth>1</lineWidth>
<points>
<point x="150" y="560"/>
<point x="150" y="497"/>
<point x="347" y="497"/>
</points>
</Connector>
<Connector class="oracle.dbtools.crest.swingui.relational.TVFKRelation" oid="6548F28A-C69D-0293-7E60-6F226EF5046C" otype="FKIndexAssociation" vid_source="EE98D70C-4F75-9EC5-60AD-4C3C88D0F490" vid_target="612F03E5-B1A1-7E22-946B-9A9543B94A78">
<hideElementsInCurrentOnly>false</hideElementsInCurrentOnly>
<backgroundColor>-16777216</backgroundColor>
<lineWidth>1</lineWidth>
<points>
<point x="1111" y="638"/>
<point x="1111" y="681"/>
</points>
</Connector>
<Connector class="oracle.dbtools.crest.swingui.relational.TVFKRelation" oid="6DD3AFA8-B306-102A-2B84-7A829757672F" otype="FKIndexAssociation" vid_source="1BFB0F26-0E16-FC60-87C2-EDD6BBD65605" vid_target="612F03E5-B1A1-7E22-946B-9A9543B94A78">
<hideElementsInCurrentOnly>false</hideElementsInCurrentOnly>
<backgroundColor>-16777216</backgroundColor>
<lineWidth>1</lineWidth>
<points>
<point x="840" y="759"/>
<point x="955" y="759"/>
</points>
</Connector>
<Connector class="oracle.dbtools.crest.swingui.relational.TVFKRelation" oid="A1EC44C5-88CD-455A-97B1-AD4BCAD6D824" otype="FKIndexAssociation" vid_source="94359122-27E9-4AC3-8EF7-FCF111B1DACF" vid_target="482AA029-3CBA-2D7B-34E6-11D88943EAB3">
<hideElementsInCurrentOnly>false</hideElementsInCurrentOnly>
<backgroundColor>-16777216</backgroundColor>
<lineWidth>1</lineWidth>
<points>
<point x="265" y="440"/>
<point x="347" y="440"/>
</points>
</Connector>
<Connector class="oracle.dbtools.crest.swingui.relational.TVFKRelation" oid="A8D3451E-7077-A86D-BEF6-D0306BFF7D53" otype="FKIndexAssociation" vid_source="06F00617-9DD6-6E74-67B8-4EBBAC46C224" vid_target="6B20DDB1-FB8B-7FB6-9171-35C6D60BF39E">
<hideElementsInCurrentOnly>false</hideElementsInCurrentOnly>
<backgroundColor>-16777216</backgroundColor>
<lineWidth>1</lineWidth>
<points>
<point x="765" y="209"/>
<point x="765" y="305"/>
</points>
</Connector>
<Connector class="oracle.dbtools.crest.swingui.relational.TVFKRelation" oid="B54C6C31-1FFE-2C42-1D2E-684FBCEEC311" otype="FKIndexAssociation" vid_source="06F00617-9DD6-6E74-67B8-4EBBAC46C224" vid_target="EE98D70C-4F75-9EC5-60AD-4C3C88D0F490">
<hideElementsInCurrentOnly>false</hideElementsInCurrentOnly>
<backgroundColor>-16777216</backgroundColor>
<lineWidth>1</lineWidth>
<points>
<point x="862" y="115"/>
<point x="862" y="115"/>
<point x="1089" y="115"/>
<point x="1089" y="447"/>
</points>
</Connector>
<Connector class="oracle.dbtools.crest.swingui.relational.TVFKRelation" oid="C3D6D54F-28AA-0539-EF75-E72605CA68EC" otype="FKIndexAssociation" vid_source="482AA029-3CBA-2D7B-34E6-11D88943EAB3" vid_target="EE98D70C-4F75-9EC5-60AD-4C3C88D0F490">
<hideElementsInCurrentOnly>false</hideElementsInCurrentOnly>
<backgroundColor>-16777216</backgroundColor>
<lineWidth>1</lineWidth>
<points>
<point x="586" y="529"/>
<point x="1000" y="529"/>
</points>
</Connector>
</connectors>
</Diagram>
