<?xml version = '1.0' encoding = 'UTF-8'?>
<FKIndexAssociation class="oracle.dbtools.crest.model.design.relational.FKIndexAssociation" directorySegmentName="seg_0" id="18D551CB-FA59-3999-B774-0FF419D32A2B" containerWithKeyObject="C187CF92-1168-F301-727B-9783974863B4" localFKIndex="6D668247-C514-DCF0-3DA1-6854DAE04A14" name="ARTIST_ARTWORK">
<createdBy>vtan0019</createdBy>
<createdTime>2020-05-12 16:10:54 UTC</createdTime>
<generatorID>FA82C6E5-95E4-9A46-5C99-C12ACAF146B5</generatorID>
<ownerDesignName>mau_oraclemodel</ownerDesignName>
<referredTableLongName>ARTIST</referredTableLongName>
<deleteRule>NO ACTION</deleteRule>
<referredTableID>FF2A8FC6-096F-7DE7-49F7-5E0AC5313A6D</referredTableID>
<keyObject>0E1FFD6E-4EC4-337F-73A0-1935CC575CB9</keyObject>
<referredKeyID>0E1FFD6E-4EC4-337F-73A0-1935CC575CB9</referredKeyID>
<mandatory>true</mandatory>
<refColNames>artist_code</refColNames>
<transferable>true</transferable>
<rely>false</rely>
<columnDependencyConstraintGenerateInDDL>true</columnDependencyConstraintGenerateInDDL>
</FKIndexAssociation>
