<?xml version = '1.0' encoding = 'UTF-8'?>
<FKIndexAssociation class="oracle.dbtools.crest.model.design.relational.FKIndexAssociation" directorySegmentName="seg_0" id="2DCCE05B-32E3-0A16-669A-DBD193691B80" containerWithKeyObject="280D0069-E2DE-980B-EF57-10837991EC05" localFKIndex="361669D7-F171-83EF-F441-9E71FBDA350B" name="STYLE_STYLE">
<createdBy>vtan0019</createdBy>
<createdTime>2020-05-13 04:21:39 UTC</createdTime>
<generatorID>DA5B9299-79FD-B893-9EB4-DF9A1D981FDF</generatorID>
<ownerDesignName>mau_oraclemodel</ownerDesignName>
<referredTableLongName>STYLE</referredTableLongName>
<deleteRule>NO ACTION</deleteRule>
<referredTableID>280D0069-E2DE-980B-EF57-10837991EC05</referredTableID>
<keyObject>28EB9FFA-2842-ABDF-1801-0FF85E9CECC1</keyObject>
<referredKeyID>28EB9FFA-2842-ABDF-1801-0FF85E9CECC1</referredKeyID>
<mandatory>false</mandatory>
<refColNames>style_id</refColNames>
<transferable>true</transferable>
<rely>false</rely>
<columnDependencyConstraintGenerateInDDL>true</columnDependencyConstraintGenerateInDDL>
</FKIndexAssociation>
