<?xml version = '1.0' encoding = 'UTF-8'?>
<FKIndexAssociation class="oracle.dbtools.crest.model.design.relational.FKIndexAssociation" directorySegmentName="seg_0" id="52986D80-B63C-135B-8B9D-33FE684D9266" containerWithKeyObject="D8F6BA57-A56D-F263-A848-9FD32EF403C3" localFKIndex="E3AA4735-3148-1CC9-9F2E-6ACAC77F5589" name="ARTWORK_STATUS">
<createdBy>vtan0019</createdBy>
<createdTime>2020-05-12 16:10:54 UTC</createdTime>
<generatorID>BCC81050-522C-1B12-2A6D-F07BAD0D8B5B</generatorID>
<ownerDesignName>mau_oraclemodel</ownerDesignName>
<referredTableLongName>ARTWORK</referredTableLongName>
<deleteRule>NO ACTION</deleteRule>
<referredTableID>C187CF92-1168-F301-727B-9783974863B4</referredTableID>
<keyObject>6830750E-0399-32C3-B41B-34BDE46AC712</keyObject>
<referredKeyID>6830750E-0399-32C3-B41B-34BDE46AC712</referredKeyID>
<mandatory>true</mandatory>
<refColNames>artwork_no,artist_code</refColNames>
<transferable>true</transferable>
<rely>false</rely>
<columnDependencyConstraintGenerateInDDL>true</columnDependencyConstraintGenerateInDDL>
</FKIndexAssociation>
