<?xml version = '1.0' encoding = 'UTF-8'?>
<FKIndexAssociation class="oracle.dbtools.crest.model.design.relational.FKIndexAssociation" directorySegmentName="seg_0" id="557D45E0-67FE-D3F8-E83B-7EB0C5872C6F" containerWithKeyObject="C187CF92-1168-F301-727B-9783974863B4" localFKIndex="2AB87AEC-6427-364C-7420-A30ADB66996B" name="STYLE_ARTWORK">
<createdBy>vtan0019</createdBy>
<createdTime>2020-05-12 16:10:54 UTC</createdTime>
<generatorID>41E881E6-B60B-FDBF-F6EF-4BD381DF7793</generatorID>
<ownerDesignName>mau_oraclemodel</ownerDesignName>
<referredTableLongName>STYLE</referredTableLongName>
<deleteRule>NO ACTION</deleteRule>
<referredTableID>280D0069-E2DE-980B-EF57-10837991EC05</referredTableID>
<keyObject>28EB9FFA-2842-ABDF-1801-0FF85E9CECC1</keyObject>
<referredKeyID>28EB9FFA-2842-ABDF-1801-0FF85E9CECC1</referredKeyID>
<mandatory>true</mandatory>
<refColNames>style_id</refColNames>
<transferable>true</transferable>
<rely>false</rely>
<columnDependencyConstraintGenerateInDDL>true</columnDependencyConstraintGenerateInDDL>
</FKIndexAssociation>
