<?xml version = '1.0' encoding = 'UTF-8'?>
<FKIndexAssociation class="oracle.dbtools.crest.model.design.relational.FKIndexAssociation" directorySegmentName="seg_0" id="6548F28A-C69D-0293-7E60-6F226EF5046C" containerWithKeyObject="AB14E7E2-A0EE-D924-DC27-77AEF7BCFDEB" localFKIndex="2860B805-E914-6B5D-9BD8-4E242F5C4A1B" name="EXHIBIT_SALE">
<createdBy>vtan0019</createdBy>
<createdTime>2020-05-12 16:10:54 UTC</createdTime>
<generatorID>3033DF46-F4D7-B3B6-E952-E0CB8F0E339C</generatorID>
<ownerDesignName>mau_oraclemodel</ownerDesignName>
<referredTableLongName>EXHIBIT</referredTableLongName>
<deleteRule>NO ACTION</deleteRule>
<referredTableID>BCAEB21D-C2F0-D2E4-4B0F-D8D94906E4E8</referredTableID>
<keyObject>E069325D-0CDE-398F-D6FE-6EC532BE4CDE</keyObject>
<referredKeyID>E069325D-0CDE-398F-D6FE-6EC532BE4CDE</referredKeyID>
<mandatory>true</mandatory>
<refColNames>exhibit_id</refColNames>
<transferable>true</transferable>
<rely>false</rely>
<columnDependencyConstraintGenerateInDDL>true</columnDependencyConstraintGenerateInDDL>
</FKIndexAssociation>
