<?xml version = '1.0' encoding = 'UTF-8'?>
<FKIndexAssociation class="oracle.dbtools.crest.model.design.relational.FKIndexAssociation" directorySegmentName="seg_0" id="6DD3AFA8-B306-102A-2B84-7A829757672F" containerWithKeyObject="AB14E7E2-A0EE-D924-DC27-77AEF7BCFDEB" localFKIndex="518887E8-E4C0-3DDD-46D2-49C254D32342" name="CUSTOMER_SALE">
<createdBy>vtan0019</createdBy>
<createdTime>2020-05-12 16:10:54 UTC</createdTime>
<generatorID>FC2CECE2-0798-7B20-AE33-A4A4C26EC6C3</generatorID>
<ownerDesignName>mau_oraclemodel</ownerDesignName>
<referredTableLongName>CUSTOMER</referredTableLongName>
<deleteRule>NO ACTION</deleteRule>
<referredTableID>1561554F-BD8A-595B-E683-7A7F3B76D6AC</referredTableID>
<keyObject>93E16D2B-BD7C-0A3B-48E9-F64569A256DB</keyObject>
<referredKeyID>93E16D2B-BD7C-0A3B-48E9-F64569A256DB</referredKeyID>
<mandatory>true</mandatory>
<refColNames>customer_id</refColNames>
<transferable>true</transferable>
<rely>false</rely>
<columnDependencyConstraintGenerateInDDL>true</columnDependencyConstraintGenerateInDDL>
</FKIndexAssociation>
