<?xml version = '1.0' encoding = 'UTF-8'?>
<FKIndexAssociation class="oracle.dbtools.crest.model.design.relational.FKIndexAssociation" directorySegmentName="seg_0" id="A1EC44C5-88CD-455A-97B1-AD4BCAD6D824" containerWithKeyObject="C187CF92-1168-F301-727B-9783974863B4" localFKIndex="EC0938A8-7FAC-2856-ABB4-6BBC5841C704" name="MEDIA_ARTWORK">
<createdBy>vtan0019</createdBy>
<createdTime>2020-05-12 16:10:54 UTC</createdTime>
<generatorID>E6A79E85-0B27-2407-2E8B-1A322AFAF42A</generatorID>
<ownerDesignName>mau_oraclemodel</ownerDesignName>
<referredTableLongName>MEDIA</referredTableLongName>
<deleteRule>NO ACTION</deleteRule>
<referredTableID>A2AB27E9-3945-2BD1-85DE-CD01D125740E</referredTableID>
<keyObject>06FE9611-9FE5-D8BA-785C-F0F00620CC05</keyObject>
<referredKeyID>06FE9611-9FE5-D8BA-785C-F0F00620CC05</referredKeyID>
<mandatory>true</mandatory>
<refColNames>media_id</refColNames>
<transferable>true</transferable>
<rely>false</rely>
<columnDependencyConstraintGenerateInDDL>true</columnDependencyConstraintGenerateInDDL>
</FKIndexAssociation>
