<?xml version = '1.0' encoding = 'UTF-8'?>
<FKIndexAssociation class="oracle.dbtools.crest.model.design.relational.FKIndexAssociation" directorySegmentName="seg_0" id="A8D3451E-7077-A86D-BEF6-D0306BFF7D53" containerWithKeyObject="D8F6BA57-A56D-F263-A848-9FD32EF403C3" localFKIndex="FCA3D0D8-4797-3607-2716-6C10FDF476BE" name="GALLERY_STATUS">
<createdBy>vtan0019</createdBy>
<createdTime>2020-05-12 16:10:54 UTC</createdTime>
<generatorID>66EAD893-5925-EC8E-71D6-E7F0E897109E</generatorID>
<ownerDesignName>mau_oraclemodel</ownerDesignName>
<referredTableLongName>GALLERY</referredTableLongName>
<deleteRule>NO ACTION</deleteRule>
<referredTableID>486276AD-3251-22E8-9CB3-8AEB8AC51DF5</referredTableID>
<keyObject>1207AE88-6613-0CDE-03A8-4BAA787C8747</keyObject>
<referredKeyID>1207AE88-6613-0CDE-03A8-4BAA787C8747</referredKeyID>
<mandatory>false</mandatory>
<refColNames>gallery_id</refColNames>
<transferable>true</transferable>
<rely>false</rely>
<columnDependencyConstraintGenerateInDDL>true</columnDependencyConstraintGenerateInDDL>
</FKIndexAssociation>
