<?xml version = '1.0' encoding = 'UTF-8'?>
<FKIndexAssociation class="oracle.dbtools.crest.model.design.relational.FKIndexAssociation" directorySegmentName="seg_0" id="B54C6C31-1FFE-2C42-1D2E-684FBCEEC311" containerWithKeyObject="BCAEB21D-C2F0-D2E4-4B0F-D8D94906E4E8" localFKIndex="841FCCD9-4263-323D-6683-F985104A6ACD" name="GALLERY_EXHIBIT">
<createdBy>vtan0019</createdBy>
<createdTime>2020-05-12 16:10:54 UTC</createdTime>
<generatorID>79629027-FD4D-1200-AAD8-7081BE93B0B5</generatorID>
<ownerDesignName>mau_oraclemodel</ownerDesignName>
<referredTableLongName>GALLERY</referredTableLongName>
<deleteRule>NO ACTION</deleteRule>
<referredTableID>486276AD-3251-22E8-9CB3-8AEB8AC51DF5</referredTableID>
<keyObject>1207AE88-6613-0CDE-03A8-4BAA787C8747</keyObject>
<referredKeyID>1207AE88-6613-0CDE-03A8-4BAA787C8747</referredKeyID>
<mandatory>true</mandatory>
<refColNames>gallery_id</refColNames>
<transferable>true</transferable>
<rely>false</rely>
<columnDependencyConstraintGenerateInDDL>true</columnDependencyConstraintGenerateInDDL>
</FKIndexAssociation>
