<?xml version = '1.0' encoding = 'UTF-8'?>
<FKIndexAssociation class="oracle.dbtools.crest.model.design.relational.FKIndexAssociation" directorySegmentName="seg_0" id="C3D6D54F-28AA-0539-EF75-E72605CA68EC" containerWithKeyObject="BCAEB21D-C2F0-D2E4-4B0F-D8D94906E4E8" localFKIndex="A8090B80-F813-03C6-73CE-59DEA1C5B2D2" name="ARTWORK_EXHIBIT">
<createdBy>vtan0019</createdBy>
<createdTime>2020-05-12 16:10:54 UTC</createdTime>
<generatorID>BD05B923-6DC8-9B83-7A9F-6AB0A9DB82DA</generatorID>
<ownerDesignName>mau_oraclemodel</ownerDesignName>
<referredTableLongName>ARTWORK</referredTableLongName>
<deleteRule>NO ACTION</deleteRule>
<referredTableID>C187CF92-1168-F301-727B-9783974863B4</referredTableID>
<keyObject>6830750E-0399-32C3-B41B-34BDE46AC712</keyObject>
<referredKeyID>6830750E-0399-32C3-B41B-34BDE46AC712</referredKeyID>
<mandatory>true</mandatory>
<refColNames>artwork_no,artist_code</refColNames>
<transferable>true</transferable>
<rely>false</rely>
<columnDependencyConstraintGenerateInDDL>true</columnDependencyConstraintGenerateInDDL>
</FKIndexAssociation>
