<?xml version = '1.0' encoding = 'UTF-8'?>
<Table class="oracle.dbtools.crest.model.design.relational.Table" directorySegmentName="seg_0" id="1561554F-BD8A-595B-E683-7A7F3B76D6AC" name="CUSTOMER">
<createdBy>vtan0019</createdBy>
<createdTime>2020-05-12 16:10:54 UTC</createdTime>
<generatorID>D6E529C4-82EA-F9E6-ECB6-DBDDD5A390FF</generatorID>
<ownerDesignName>mau_oraclemodel</ownerDesignName>
<allowColumnReorder>false</allowColumnReorder>
<existDependencyGenerateInDDl>true</existDependencyGenerateInDDl>
<parsed>true</parsed>
<columns itemClass="oracle.dbtools.crest.model.design.relational.Column">
<Column name="customer_id" id="41EFD739-D3FD-C28C-43A2-643A6B55307F">
<createdBy>vtan0019</createdBy>
<createdTime>2020-05-12 16:10:54 UTC</createdTime>
<commentInRDBMS><![CDATA[customer id]]></commentInRDBMS>
<generatorID>6F3F2723-1CEC-4EFC-F048-6D40A67F1C33</generatorID>
<ownerDesignName>mau_oraclemodel</ownerDesignName>
<useDomainConstraints>false</useDomainConstraints>
<use>1</use>
<logicalDatatype>LOGDT019</logicalDatatype>
<dataTypePrecision>7</dataTypePrecision>
<ownDataTypeParameters>,7,</ownDataTypeParameters>
<autoIncrementCycle>false</autoIncrementCycle>
</Column>
<Column name="customer_givname" id="FE50EC44-8970-C4C5-ED9D-DDAD5C00D3BE">
<createdBy>vtan0019</createdBy>
<createdTime>2020-05-12 16:10:54 UTC</createdTime>
<commentInRDBMS><![CDATA[customer given name]]></commentInRDBMS>
<generatorID>E407786F-FD81-C538-B9C0-B8F8ACEFBB4A</generatorID>
<ownerDesignName>mau_oraclemodel</ownerDesignName>
<useDomainConstraints>false</useDomainConstraints>
<use>1</use>
<logicalDatatype>LOGDT024</logicalDatatype>
<dataTypeSize>30</dataTypeSize>
<ownDataTypeParameters>30,,</ownDataTypeParameters>
<autoIncrementCycle>false</autoIncrementCycle>
</Column>
<Column name="customer_famname" id="0E173B77-9F8F-0917-7D47-C9F3AFB53803">
<createdBy>vtan0019</createdBy>
<createdTime>2020-05-12 16:10:54 UTC</createdTime>
<commentInRDBMS><![CDATA[customer family name]]></commentInRDBMS>
<generatorID>1324DCC4-7358-32BB-980C-A71355E46B23</generatorID>
<ownerDesignName>mau_oraclemodel</ownerDesignName>
<useDomainConstraints>false</useDomainConstraints>
<use>1</use>
<logicalDatatype>LOGDT024</logicalDatatype>
<dataTypeSize>30</dataTypeSize>
<ownDataTypeParameters>30,,</ownDataTypeParameters>
<autoIncrementCycle>false</autoIncrementCycle>
</Column>
<Column name="customer_street" id="5DECD864-630C-3368-83C2-E58AEC240EBA">
<createdBy>vtan0019</createdBy>
<createdTime>2020-05-12 16:10:54 UTC</createdTime>
<commentInRDBMS><![CDATA[cutomer street of address]]></commentInRDBMS>
<generatorID>C0313C72-8BDC-85DF-3A1B-A356993051FB</generatorID>
<ownerDesignName>mau_oraclemodel</ownerDesignName>
<useDomainConstraints>false</useDomainConstraints>
<use>1</use>
<logicalDatatype>LOGDT024</logicalDatatype>
<dataTypeSize>30</dataTypeSize>
<ownDataTypeParameters>30,,</ownDataTypeParameters>
<autoIncrementCycle>false</autoIncrementCycle>
</Column>
<Column name="customer_town" id="2C06EE2E-F39E-246B-7C21-9CBF400374B4">
<createdBy>vtan0019</createdBy>
<createdTime>2020-05-12 16:10:54 UTC</createdTime>
<commentInRDBMS><![CDATA[customer town of address]]></commentInRDBMS>
<generatorID>4BB45727-AF5C-7AF7-C83D-4A9F76EE2991</generatorID>
<ownerDesignName>mau_oraclemodel</ownerDesignName>
<useDomainConstraints>false</useDomainConstraints>
<use>1</use>
<logicalDatatype>LOGDT024</logicalDatatype>
<dataTypeSize>30</dataTypeSize>
<ownDataTypeParameters>30,,</ownDataTypeParameters>
<autoIncrementCycle>false</autoIncrementCycle>
</Column>
<Column name="customer_state" id="0E0B70C1-0819-AB6D-81E9-529E8D093181">
<createdBy>vtan0019</createdBy>
<createdTime>2020-05-12 16:10:54 UTC</createdTime>
<commentInRDBMS><![CDATA[customer state of address in abbreviation]]></commentInRDBMS>
<generatorID>E55D3B10-A3E1-4507-2963-ACBA4DC3BD47</generatorID>
<ownerDesignName>mau_oraclemodel</ownerDesignName>
<useDomainConstraints>false</useDomainConstraints>
<use>1</use>
<logicalDatatype>LOGDT025</logicalDatatype>
<dataTypeSize>3</dataTypeSize>
<ownDataTypeParameters>3,,</ownDataTypeParameters>
<autoIncrementCycle>false</autoIncrementCycle>
</Column>
<Column name="customer_phone" id="02710ACE-B7CC-1EA3-F467-4CAAFC13350B">
<createdBy>vtan0019</createdBy>
<createdTime>2020-05-12 16:10:54 UTC</createdTime>
<commentInRDBMS><![CDATA[customer phone number]]></commentInRDBMS>
<generatorID>81EEC600-845A-12F8-14AE-50B514B17558</generatorID>
<ownerDesignName>mau_oraclemodel</ownerDesignName>
<useDomainConstraints>false</useDomainConstraints>
<use>1</use>
<logicalDatatype>LOGDT025</logicalDatatype>
<dataTypeSize>10</dataTypeSize>
<ownDataTypeParameters>10,,</ownDataTypeParameters>
<autoIncrementCycle>false</autoIncrementCycle>
</Column>
<Column name="customer_biz_name" id="36D7D0AC-FF9F-6F37-BD42-3C9BCCF822A0">
<createdBy>vtan0019</createdBy>
<createdTime>2020-05-12 16:10:54 UTC</createdTime>
<commentInRDBMS><![CDATA[customer business name]]></commentInRDBMS>
<generatorID>CDEB4131-7BDB-CD3A-5097-934CBBE4D083</generatorID>
<ownerDesignName>mau_oraclemodel</ownerDesignName>
<nullsAllowed>true</nullsAllowed>
<useDomainConstraints>false</useDomainConstraints>
<use>1</use>
<logicalDatatype>LOGDT024</logicalDatatype>
<dataTypeSize>30</dataTypeSize>
<ownDataTypeParameters>30,,</ownDataTypeParameters>
<autoIncrementCycle>false</autoIncrementCycle>
</Column>
</columns>
<indexes itemClass="oracle.dbtools.crest.model.design.relational.Index">
<ind_PK_UK id="93E16D2B-BD7C-0A3B-48E9-F64569A256DB" name="CUSTOMER_PK">
<createdBy>vtan0019</createdBy>
<createdTime>2020-05-12 16:10:54 UTC</createdTime>
<generatorID>FA31E5CB-1290-FBE7-D835-893D21FF8E6D</generatorID>
<ownerDesignName>mau_oraclemodel</ownerDesignName>
<pk>true</pk>
<indexState>Primary Constraint</indexState>
<isSurrogateKey>false</isSurrogateKey>
<indexColumnUsage>
<colUsage columnID="41EFD739-D3FD-C28C-43A2-643A6B55307F"/>
</indexColumnUsage>
</ind_PK_UK>
</indexes>
</Table>
