<?xml version = '1.0' encoding = 'UTF-8'?>
<Table class="oracle.dbtools.crest.model.design.relational.Table" directorySegmentName="seg_0" id="280D0069-E2DE-980B-EF57-10837991EC05" name="STYLE">
<createdBy>vtan0019</createdBy>
<createdTime>2020-05-12 16:10:54 UTC</createdTime>
<generatorID>599B7463-1014-C40D-4B91-8B4D5E4E1240</generatorID>
<ownerDesignName>mau_oraclemodel</ownerDesignName>
<allowColumnReorder>false</allowColumnReorder>
<existDependencyGenerateInDDl>true</existDependencyGenerateInDDl>
<parsed>true</parsed>
<columns itemClass="oracle.dbtools.crest.model.design.relational.Column">
<Column name="style_id" id="339EE2AF-42F6-8782-B8BB-20F9129E5E14">
<createdBy>vtan0019</createdBy>
<createdTime>2020-05-12 16:10:54 UTC</createdTime>
<commentInRDBMS><![CDATA[style surrogate key]]></commentInRDBMS>
<generatorID>F876D39E-832F-052B-0086-1B2DCFA6E241</generatorID>
<ownerDesignName>mau_oraclemodel</ownerDesignName>
<useDomainConstraints>false</useDomainConstraints>
<use>1</use>
<logicalDatatype>LOGDT019</logicalDatatype>
<dataTypePrecision>7</dataTypePrecision>
<ownDataTypeParameters>,7,</ownDataTypeParameters>
<autoIncrementCycle>false</autoIncrementCycle>
</Column>
<Column name="style_name" id="197C9AC8-C393-1A1C-B1DD-220A70CBE019">
<createdBy>vtan0019</createdBy>
<createdTime>2020-05-12 16:10:54 UTC</createdTime>
<commentInRDBMS><![CDATA[style name]]></commentInRDBMS>
<generatorID>BAD269CF-15A7-06D1-BD97-FDE271EAA844</generatorID>
<ownerDesignName>mau_oraclemodel</ownerDesignName>
<useDomainConstraints>false</useDomainConstraints>
<use>1</use>
<logicalDatatype>LOGDT024</logicalDatatype>
<dataTypeSize>80</dataTypeSize>
<ownDataTypeParameters>80,,</ownDataTypeParameters>
<autoIncrementCycle>false</autoIncrementCycle>
</Column>
<Column name="style_parent_id" id="4FFADC43-FAA7-CD62-859E-F54A1070CC12">
<createdBy>vtan0019</createdBy>
<createdTime>2020-05-13 04:21:39 UTC</createdTime>
<commentInRDBMS><![CDATA[style surrogate key]]></commentInRDBMS>
<generatorID>DFD8D37C-0E22-C8D6-FA35-85058CA6B84E</generatorID>
<ownerDesignName>mau_oraclemodel</ownerDesignName>
<nullsAllowed>true</nullsAllowed>
<useDomainConstraints>false</useDomainConstraints>
<use>1</use>
<logicalDatatype>LOGDT019</logicalDatatype>
<dataTypePrecision>7</dataTypePrecision>
<ownDataTypeParameters>,,</ownDataTypeParameters>
<previousColumn>false</previousColumn>
<autoIncrementCycle>false</autoIncrementCycle>
<associations>
<colAssociation fkAssociation="2DCCE05B-32E3-0A16-669A-DBD193691B80" referredColumn="339EE2AF-42F6-8782-B8BB-20F9129E5E14"/>
</associations>
</Column>
</columns>
<indexes itemClass="oracle.dbtools.crest.model.design.relational.Index">
<ind_PK_UK id="28EB9FFA-2842-ABDF-1801-0FF85E9CECC1" name="STYLE_PK">
<createdBy>vtan0019</createdBy>
<createdTime>2020-05-12 16:10:54 UTC</createdTime>
<generatorID>CF673F83-F5DB-5B4F-B737-130E6A918EE9</generatorID>
<ownerDesignName>mau_oraclemodel</ownerDesignName>
<pk>true</pk>
<indexState>Primary Constraint</indexState>
<isSurrogateKey>false</isSurrogateKey>
<indexColumnUsage>
<colUsage columnID="339EE2AF-42F6-8782-B8BB-20F9129E5E14"/>
</indexColumnUsage>
</ind_PK_UK>
<ind_PK_UK id="F9F75F15-B7C7-6745-C175-8F02F64CA2E3" name="NK_style">
<createdBy>vtan0019</createdBy>
<createdTime>2020-05-12 16:10:54 UTC</createdTime>
<generatorID>0C743EC0-B325-F96E-7E71-C76141748652</generatorID>
<ownerDesignName>mau_oraclemodel</ownerDesignName>
<indexState>Unique Constraint</indexState>
<isSurrogateKey>false</isSurrogateKey>
<indexColumnUsage>
<colUsage columnID="197C9AC8-C393-1A1C-B1DD-220A70CBE019"/>
</indexColumnUsage>
</ind_PK_UK>
<ind_PK_UK id="361669D7-F171-83EF-F441-9E71FBDA350B" name="STYLE_STYLE">
<createdBy>vtan0019</createdBy>
<createdTime>2020-05-13 04:21:39 UTC</createdTime>
<generatorID>DA5B9299-79FD-B893-9EB4-DF9A1D981FDF</generatorID>
<ownerDesignName>mau_oraclemodel</ownerDesignName>
<indexState>Foreign Key</indexState>
<isSurrogateKey>false</isSurrogateKey>
<indexColumnUsage>
<colUsage columnID="4FFADC43-FAA7-CD62-859E-F54A1070CC12"/>
</indexColumnUsage>
</ind_PK_UK>
</indexes>
</Table>
