<?xml version = '1.0' encoding = 'UTF-8'?>
<Table class="oracle.dbtools.crest.model.design.relational.Table" directorySegmentName="seg_0" id="A2AB27E9-3945-2BD1-85DE-CD01D125740E" name="MEDIA">
<createdBy>vtan0019</createdBy>
<createdTime>2020-05-12 16:10:54 UTC</createdTime>
<generatorID>3229A567-41F2-3EA8-9A0E-405374CD661B</generatorID>
<ownerDesignName>mau_oraclemodel</ownerDesignName>
<allowColumnReorder>false</allowColumnReorder>
<existDependencyGenerateInDDl>true</existDependencyGenerateInDDl>
<parsed>true</parsed>
<columns itemClass="oracle.dbtools.crest.model.design.relational.Column">
<Column name="media_id" id="163E0CC1-1423-AB58-7443-E1A01E1810A4">
<createdBy>vtan0019</createdBy>
<createdTime>2020-05-12 16:10:54 UTC</createdTime>
<commentInRDBMS><![CDATA[media surrogate key]]></commentInRDBMS>
<generatorID>C42C2C1D-045C-DBBD-D48C-72759E6DBEE7</generatorID>
<ownerDesignName>mau_oraclemodel</ownerDesignName>
<useDomainConstraints>false</useDomainConstraints>
<use>1</use>
<logicalDatatype>LOGDT019</logicalDatatype>
<dataTypePrecision>7</dataTypePrecision>
<ownDataTypeParameters>,7,</ownDataTypeParameters>
<autoIncrementCycle>false</autoIncrementCycle>
</Column>
<Column name="media_description" id="285ADA5A-DB79-B8F0-8FC5-90BEF931BB9F">
<createdBy>vtan0019</createdBy>
<createdTime>2020-05-12 16:10:54 UTC</createdTime>
<commentInRDBMS><![CDATA[media description]]></commentInRDBMS>
<generatorID>03DD0C45-D73B-2A5F-FE1A-8330348CA5A9</generatorID>
<ownerDesignName>mau_oraclemodel</ownerDesignName>
<useDomainConstraints>false</useDomainConstraints>
<use>1</use>
<logicalDatatype>LOGDT024</logicalDatatype>
<dataTypeSize>30</dataTypeSize>
<ownDataTypeParameters>30,,</ownDataTypeParameters>
<autoIncrementCycle>false</autoIncrementCycle>
</Column>
</columns>
<indexes itemClass="oracle.dbtools.crest.model.design.relational.Index">
<ind_PK_UK id="06FE9611-9FE5-D8BA-785C-F0F00620CC05" name="MEDIA_PK">
<createdBy>vtan0019</createdBy>
<createdTime>2020-05-12 16:10:54 UTC</createdTime>
<generatorID>6A66B799-5A7D-B0C4-9BC8-8A7CB67DA49D</generatorID>
<ownerDesignName>mau_oraclemodel</ownerDesignName>
<pk>true</pk>
<indexState>Primary Constraint</indexState>
<isSurrogateKey>false</isSurrogateKey>
<indexColumnUsage>
<colUsage columnID="163E0CC1-1423-AB58-7443-E1A01E1810A4"/>
</indexColumnUsage>
</ind_PK_UK>
<ind_PK_UK id="025882FE-C283-EC8D-C650-23E7DD9070EB" name="NK_media">
<createdBy>vtan0019</createdBy>
<createdTime>2020-05-12 16:10:54 UTC</createdTime>
<generatorID>CADCDE71-C079-6C1D-C17C-7FBD006414C7</generatorID>
<ownerDesignName>mau_oraclemodel</ownerDesignName>
<indexState>Unique Constraint</indexState>
<isSurrogateKey>false</isSurrogateKey>
<indexColumnUsage>
<colUsage columnID="285ADA5A-DB79-B8F0-8FC5-90BEF931BB9F"/>
</indexColumnUsage>
</ind_PK_UK>
</indexes>
</Table>
