<?xml version = '1.0' encoding = 'UTF-8'?>
<Table class="oracle.dbtools.crest.model.design.relational.Table" directorySegmentName="seg_0" id="AB14E7E2-A0EE-D924-DC27-77AEF7BCFDEB" name="SALE">
<createdBy>vtan0019</createdBy>
<createdTime>2020-05-12 16:10:54 UTC</createdTime>
<generatorID>E78A2B32-E29D-85DD-2782-62CAA21ECFE7</generatorID>
<ownerDesignName>mau_oraclemodel</ownerDesignName>
<allowColumnReorder>false</allowColumnReorder>
<existDependencyGenerateInDDl>true</existDependencyGenerateInDDl>
<parsed>true</parsed>
<columns itemClass="oracle.dbtools.crest.model.design.relational.Column">
<Column name="sale_id" id="9CC880C6-ECAD-0FB1-2F41-3B96AC437438">
<createdBy>vtan0019</createdBy>
<createdTime>2020-05-12 16:10:54 UTC</createdTime>
<commentInRDBMS><![CDATA[sale id]]></commentInRDBMS>
<generatorID>33571582-68CC-CCDA-8408-3F4982889016</generatorID>
<ownerDesignName>mau_oraclemodel</ownerDesignName>
<useDomainConstraints>false</useDomainConstraints>
<use>1</use>
<logicalDatatype>LOGDT019</logicalDatatype>
<dataTypePrecision>7</dataTypePrecision>
<ownDataTypeParameters>,7,</ownDataTypeParameters>
<autoIncrementCycle>false</autoIncrementCycle>
</Column>
<Column name="sale_date" id="DFE9DB1C-2FED-E4F4-D598-34F4F3729819">
<createdBy>vtan0019</createdBy>
<createdTime>2020-05-12 16:10:54 UTC</createdTime>
<commentInRDBMS><![CDATA[date of sale]]></commentInRDBMS>
<generatorID>B8C6721A-CBB0-A03B-F15C-5F73BB0BA11B</generatorID>
<ownerDesignName>mau_oraclemodel</ownerDesignName>
<useDomainConstraints>false</useDomainConstraints>
<use>1</use>
<logicalDatatype>LOGDT007</logicalDatatype>
<ownDataTypeParameters>,,</ownDataTypeParameters>
<autoIncrementCycle>false</autoIncrementCycle>
</Column>
<Column name="sale_price" id="9EF3DD2C-D10B-F54E-824F-8CC538B13BC3">
<createdBy>vtan0019</createdBy>
<createdTime>2020-05-12 16:10:54 UTC</createdTime>
<commentInRDBMS><![CDATA[sale price]]></commentInRDBMS>
<generatorID>6362ECB6-7708-E1B5-D8CD-D74FB161FD9B</generatorID>
<ownerDesignName>mau_oraclemodel</ownerDesignName>
<useDomainConstraints>false</useDomainConstraints>
<use>1</use>
<logicalDatatype>LOGDT019</logicalDatatype>
<dataTypePrecision>10</dataTypePrecision>
<dataTypeScale>2</dataTypeScale>
<ownDataTypeParameters>,10,2</ownDataTypeParameters>
<autoIncrementCycle>false</autoIncrementCycle>
</Column>
<Column name="customer_id" id="F5D1D363-E51E-AF02-E240-003BCDB7A482">
<createdBy>vtan0019</createdBy>
<createdTime>2020-05-12 16:10:54 UTC</createdTime>
<commentInRDBMS><![CDATA[customer id]]></commentInRDBMS>
<generatorID>96076955-94FF-E46D-50B4-B05761B352A0</generatorID>
<ownerDesignName>mau_oraclemodel</ownerDesignName>
<useDomainConstraints>false</useDomainConstraints>
<use>1</use>
<logicalDatatype>LOGDT019</logicalDatatype>
<dataTypePrecision>7</dataTypePrecision>
<ownDataTypeParameters>,,</ownDataTypeParameters>
<previousColumn>false</previousColumn>
<autoIncrementCycle>false</autoIncrementCycle>
<associations>
<colAssociation fkAssociation="6DD3AFA8-B306-102A-2B84-7A829757672F" referredColumn="41EFD739-D3FD-C28C-43A2-643A6B55307F"/>
</associations>
</Column>
<Column name="exhibit_id" id="3C3D655F-306B-035D-234D-847839F8AF7E">
<createdBy>vtan0019</createdBy>
<createdTime>2020-05-12 16:10:54 UTC</createdTime>
<commentInRDBMS><![CDATA[exhibit surrogate key]]></commentInRDBMS>
<generatorID>9ED8E4C0-6283-D94F-4124-72EF55EDFFE1</generatorID>
<ownerDesignName>mau_oraclemodel</ownerDesignName>
<useDomainConstraints>false</useDomainConstraints>
<use>1</use>
<logicalDatatype>LOGDT019</logicalDatatype>
<dataTypePrecision>7</dataTypePrecision>
<ownDataTypeParameters>,,</ownDataTypeParameters>
<previousColumn>false</previousColumn>
<autoIncrementCycle>false</autoIncrementCycle>
<associations>
<colAssociation fkAssociation="6548F28A-C69D-0293-7E60-6F226EF5046C" referredColumn="B00E9EE0-00FA-9208-EDD3-B824E450A964"/>
</associations>
</Column>
</columns>
<indexes itemClass="oracle.dbtools.crest.model.design.relational.Index">
<ind_PK_UK id="A73BC98E-2315-CDC5-F408-72B7667B91E7" name="SALE_PK">
<createdBy>vtan0019</createdBy>
<createdTime>2020-05-12 16:10:54 UTC</createdTime>
<generatorID>9788A6E8-B9E0-5A74-2D1E-733D8290AE39</generatorID>
<ownerDesignName>mau_oraclemodel</ownerDesignName>
<pk>true</pk>
<indexState>Primary Constraint</indexState>
<isSurrogateKey>false</isSurrogateKey>
<indexColumnUsage>
<colUsage columnID="9CC880C6-ECAD-0FB1-2F41-3B96AC437438"/>
</indexColumnUsage>
</ind_PK_UK>
<ind_PK_UK id="34D5C252-1402-A9F2-BA1D-B5F86B63EB97" name="SALE__IDX">
<createdBy>vtan0019</createdBy>
<createdTime>2020-05-12 16:10:54 UTC</createdTime>
<ownerDesignName>mau_oraclemodel</ownerDesignName>
<indexState>Unique Plain Index</indexState>
<isSurrogateKey>false</isSurrogateKey>
<relationGeneratorID>3033DF46-F4D7-B3B6-E952-E0CB8F0E339C</relationGeneratorID>
<indexColumnUsage>
<colUsage columnID="3C3D655F-306B-035D-234D-847839F8AF7E"/>
</indexColumnUsage>
</ind_PK_UK>
<ind_PK_UK id="518887E8-E4C0-3DDD-46D2-49C254D32342" name="CUSTOMER_SALE">
<createdBy>vtan0019</createdBy>
<createdTime>2020-05-12 16:10:54 UTC</createdTime>
<generatorID>FC2CECE2-0798-7B20-AE33-A4A4C26EC6C3</generatorID>
<ownerDesignName>mau_oraclemodel</ownerDesignName>
<indexState>Foreign Key</indexState>
<isSurrogateKey>false</isSurrogateKey>
<indexColumnUsage>
<colUsage columnID="F5D1D363-E51E-AF02-E240-003BCDB7A482"/>
</indexColumnUsage>
</ind_PK_UK>
<ind_PK_UK id="2860B805-E914-6B5D-9BD8-4E242F5C4A1B" name="EXHIBIT_SALE">
<createdBy>vtan0019</createdBy>
<createdTime>2020-05-12 16:10:54 UTC</createdTime>
<generatorID>3033DF46-F4D7-B3B6-E952-E0CB8F0E339C</generatorID>
<ownerDesignName>mau_oraclemodel</ownerDesignName>
<indexState>Foreign Key</indexState>
<isSurrogateKey>false</isSurrogateKey>
<indexColumnUsage>
<colUsage columnID="3C3D655F-306B-035D-234D-847839F8AF7E"/>
</indexColumnUsage>
</ind_PK_UK>
</indexes>
</Table>
