<?xml version = '1.0' encoding = 'UTF-8'?>
<Table class="oracle.dbtools.crest.model.design.relational.Table" directorySegmentName="seg_0" id="BCAEB21D-C2F0-D2E4-4B0F-D8D94906E4E8" name="EXHIBIT">
<createdBy>vtan0019</createdBy>
<createdTime>2020-05-12 16:10:54 UTC</createdTime>
<generatorID>E3ECC22C-4924-1709-9EA8-9B8F2E374062</generatorID>
<ownerDesignName>mau_oraclemodel</ownerDesignName>
<allowColumnReorder>false</allowColumnReorder>
<existDependencyGenerateInDDl>true</existDependencyGenerateInDDl>
<parsed>true</parsed>
<columns itemClass="oracle.dbtools.crest.model.design.relational.Column">
<Column name="exhibit_id" id="B00E9EE0-00FA-9208-EDD3-B824E450A964">
<createdBy>vtan0019</createdBy>
<createdTime>2020-05-12 16:10:54 UTC</createdTime>
<commentInRDBMS><![CDATA[exhibit surrogate key]]></commentInRDBMS>
<generatorID>64FE7286-13FC-64CE-0CC0-7F5F440BD2F8</generatorID>
<ownerDesignName>mau_oraclemodel</ownerDesignName>
<useDomainConstraints>false</useDomainConstraints>
<use>1</use>
<logicalDatatype>LOGDT019</logicalDatatype>
<dataTypePrecision>7</dataTypePrecision>
<ownDataTypeParameters>,7,</ownDataTypeParameters>
<autoIncrementCycle>false</autoIncrementCycle>
</Column>
<Column name="artist_code" id="06FD839F-2272-6C6D-5950-5631F1EBA67C">
<createdBy>vtan0019</createdBy>
<createdTime>2020-05-12 16:10:54 UTC</createdTime>
<commentInRDBMS><![CDATA[artist number]]></commentInRDBMS>
<generatorID>53C8928C-2E37-506D-58F7-405E4D2A99ED</generatorID>
<ownerDesignName>mau_oraclemodel</ownerDesignName>
<useDomainConstraints>false</useDomainConstraints>
<use>1</use>
<logicalDatatype>LOGDT019</logicalDatatype>
<dataTypePrecision>4</dataTypePrecision>
<ownDataTypeParameters>,4,</ownDataTypeParameters>
<previousColumn>false</previousColumn>
<autoIncrementCycle>false</autoIncrementCycle>
<associations>
<colAssociation fkAssociation="C3D6D54F-28AA-0539-EF75-E72605CA68EC" referredColumn="692B2E30-298F-9321-BF09-3F4F2DDEEDA2"/>
</associations>
</Column>
<Column name="artwork_no" id="8BF206F1-C83E-0F18-3220-CC2AE3444FB1">
<createdBy>vtan0019</createdBy>
<createdTime>2020-05-12 16:10:54 UTC</createdTime>
<commentInRDBMS><![CDATA[artwork number]]></commentInRDBMS>
<generatorID>4FCF0348-CB95-AD1F-8211-119452C0702E</generatorID>
<ownerDesignName>mau_oraclemodel</ownerDesignName>
<useDomainConstraints>false</useDomainConstraints>
<use>1</use>
<logicalDatatype>LOGDT019</logicalDatatype>
<dataTypePrecision>3</dataTypePrecision>
<ownDataTypeParameters>,3,</ownDataTypeParameters>
<previousColumn>false</previousColumn>
<autoIncrementCycle>false</autoIncrementCycle>
<associations>
<colAssociation fkAssociation="C3D6D54F-28AA-0539-EF75-E72605CA68EC" referredColumn="6CC355A4-03D9-2C44-702E-6712D15979BB"/>
</associations>
</Column>
<Column name="exhibit_start_date" id="59E265D7-2AD9-A3E8-26C2-641CBBB32A65">
<createdBy>vtan0019</createdBy>
<createdTime>2020-05-12 16:10:54 UTC</createdTime>
<commentInRDBMS><![CDATA[date exhibit started]]></commentInRDBMS>
<generatorID>43749361-1712-BE95-D32B-D4193E4D0CB2</generatorID>
<ownerDesignName>mau_oraclemodel</ownerDesignName>
<useDomainConstraints>false</useDomainConstraints>
<use>1</use>
<logicalDatatype>LOGDT007</logicalDatatype>
<ownDataTypeParameters>,,</ownDataTypeParameters>
<autoIncrementCycle>false</autoIncrementCycle>
</Column>
<Column name="exhibit_end_date" id="F8770DE0-032C-4463-2FD0-4F71706D00BE">
<createdBy>vtan0019</createdBy>
<createdTime>2020-05-12 16:10:54 UTC</createdTime>
<commentInRDBMS><![CDATA[date exhibit ended]]></commentInRDBMS>
<generatorID>F8278518-20CC-0C76-5BBD-3C5163E745A6</generatorID>
<ownerDesignName>mau_oraclemodel</ownerDesignName>
<nullsAllowed>true</nullsAllowed>
<useDomainConstraints>false</useDomainConstraints>
<use>1</use>
<logicalDatatype>LOGDT007</logicalDatatype>
<ownDataTypeParameters>,,</ownDataTypeParameters>
<autoIncrementCycle>false</autoIncrementCycle>
</Column>
<Column name="exhibit_catalog_feature" id="95040D82-63F2-64F7-2EE1-921B305EE536">
<createdBy>vtan0019</createdBy>
<createdTime>2020-05-12 16:10:54 UTC</createdTime>
<commentInRDBMS><![CDATA[was exhibit featured in catalog]]></commentInRDBMS>
<generatorID>E10491EC-5475-320D-7581-8BA7FDDC20FC</generatorID>
<ownerDesignName>mau_oraclemodel</ownerDesignName>
<constraintName>chk_exhibit_catalog_feature</constraintName>
<useDomainConstraints>false</useDomainConstraints>
<use>1</use>
<logicalDatatype>LOGDT024</logicalDatatype>
<dataTypeSize>3</dataTypeSize>
<listOfValues>
<valueDef value="No" description="artwork was not featured in catalog"/>
<valueDef value="Yes" description="artwork was featured in catalog"/>
</listOfValues>
<ownDataTypeParameters>3,,</ownDataTypeParameters>
<autoIncrementCycle>false</autoIncrementCycle>
</Column>
<Column name="gallery_id" id="17D10261-F993-32EB-9504-7565A68A34C7">
<createdBy>vtan0019</createdBy>
<createdTime>2020-05-12 16:10:54 UTC</createdTime>
<commentInRDBMS><![CDATA[gallery id]]></commentInRDBMS>
<generatorID>0F895F28-DC35-227F-D447-94399E100A79</generatorID>
<ownerDesignName>mau_oraclemodel</ownerDesignName>
<useDomainConstraints>false</useDomainConstraints>
<use>1</use>
<logicalDatatype>LOGDT019</logicalDatatype>
<dataTypePrecision>3</dataTypePrecision>
<ownDataTypeParameters>,3,</ownDataTypeParameters>
<previousColumn>false</previousColumn>
<autoIncrementCycle>false</autoIncrementCycle>
<associations>
<colAssociation fkAssociation="B54C6C31-1FFE-2C42-1D2E-684FBCEEC311" referredColumn="DDD88BCF-0BFA-B6E9-753E-D9F625CE3AD2"/>
</associations>
</Column>
</columns>
<indexes itemClass="oracle.dbtools.crest.model.design.relational.Index">
<ind_PK_UK id="E069325D-0CDE-398F-D6FE-6EC532BE4CDE" name="EXHIBIT_PK">
<createdBy>vtan0019</createdBy>
<createdTime>2020-05-12 16:10:54 UTC</createdTime>
<generatorID>F9D61B90-9FF5-BE5F-51B4-49A03292D1DC</generatorID>
<ownerDesignName>mau_oraclemodel</ownerDesignName>
<pk>true</pk>
<indexState>Primary Constraint</indexState>
<isSurrogateKey>false</isSurrogateKey>
<indexColumnUsage>
<colUsage columnID="B00E9EE0-00FA-9208-EDD3-B824E450A964"/>
</indexColumnUsage>
</ind_PK_UK>
<ind_PK_UK id="9140E210-03B1-0BB9-0727-747569C7EAA8" name="NK_exhibit">
<createdBy>vtan0019</createdBy>
<createdTime>2020-05-12 16:10:54 UTC</createdTime>
<generatorID>376B593F-499D-0E9B-7F31-3BC2B8793A9F</generatorID>
<ownerDesignName>mau_oraclemodel</ownerDesignName>
<indexState>Unique Constraint</indexState>
<isSurrogateKey>false</isSurrogateKey>
<indexColumnUsage>
<colUsage columnID="06FD839F-2272-6C6D-5950-5631F1EBA67C"/>
<colUsage columnID="8BF206F1-C83E-0F18-3220-CC2AE3444FB1"/>
<colUsage columnID="59E265D7-2AD9-A3E8-26C2-641CBBB32A65"/>
</indexColumnUsage>
</ind_PK_UK>
<ind_PK_UK id="A8090B80-F813-03C6-73CE-59DEA1C5B2D2" name="ARTWORK_EXHIBIT">
<createdBy>vtan0019</createdBy>
<createdTime>2020-05-12 16:10:54 UTC</createdTime>
<generatorID>BD05B923-6DC8-9B83-7A9F-6AB0A9DB82DA</generatorID>
<ownerDesignName>mau_oraclemodel</ownerDesignName>
<indexState>Foreign Key</indexState>
<isSurrogateKey>false</isSurrogateKey>
<indexColumnUsage>
<colUsage columnID="8BF206F1-C83E-0F18-3220-CC2AE3444FB1"/>
<colUsage columnID="06FD839F-2272-6C6D-5950-5631F1EBA67C"/>
</indexColumnUsage>
</ind_PK_UK>
<ind_PK_UK id="841FCCD9-4263-323D-6683-F985104A6ACD" name="GALLERY_EXHIBIT">
<createdBy>vtan0019</createdBy>
<createdTime>2020-05-12 16:10:54 UTC</createdTime>
<generatorID>79629027-FD4D-1200-AAD8-7081BE93B0B5</generatorID>
<ownerDesignName>mau_oraclemodel</ownerDesignName>
<indexState>Foreign Key</indexState>
<isSurrogateKey>false</isSurrogateKey>
<indexColumnUsage>
<colUsage columnID="17D10261-F993-32EB-9504-7565A68A34C7"/>
</indexColumnUsage>
</ind_PK_UK>
</indexes>
</Table>
