<?xml version = '1.0' encoding = 'UTF-8'?>
<Table class="oracle.dbtools.crest.model.design.relational.Table" directorySegmentName="seg_0" id="C187CF92-1168-F301-727B-9783974863B4" name="ARTWORK">
<createdBy>vtan0019</createdBy>
<createdTime>2020-05-12 16:10:54 UTC</createdTime>
<generatorID>B651F99C-63E9-AD97-B25F-8E39474B3A15</generatorID>
<ownerDesignName>mau_oraclemodel</ownerDesignName>
<allowColumnReorder>false</allowColumnReorder>
<existDependencyGenerateInDDl>true</existDependencyGenerateInDDl>
<parsed>true</parsed>
<columns itemClass="oracle.dbtools.crest.model.design.relational.Column">
<Column name="artist_code" id="692B2E30-298F-9321-BF09-3F4F2DDEEDA2">
<createdBy>vtan0019</createdBy>
<createdTime>2020-05-12 16:10:54 UTC</createdTime>
<commentInRDBMS><![CDATA[artist number]]></commentInRDBMS>
<generatorID>2C99A897-7D27-D500-5475-963C028B2F56</generatorID>
<ownerDesignName>mau_oraclemodel</ownerDesignName>
<useDomainConstraints>false</useDomainConstraints>
<use>1</use>
<logicalDatatype>LOGDT019</logicalDatatype>
<dataTypePrecision>4</dataTypePrecision>
<ownDataTypeParameters>,,</ownDataTypeParameters>
<previousColumn>false</previousColumn>
<autoIncrementCycle>false</autoIncrementCycle>
<associations>
<colAssociation fkAssociation="18D551CB-FA59-3999-B774-0FF419D32A2B" referredColumn="159EA076-FF88-3F9D-2074-BB28A7C5113B"/>
</associations>
</Column>
<Column name="artwork_no" id="6CC355A4-03D9-2C44-702E-6712D15979BB">
<createdBy>vtan0019</createdBy>
<createdTime>2020-05-12 16:10:54 UTC</createdTime>
<commentInRDBMS><![CDATA[artwork number]]></commentInRDBMS>
<generatorID>B3FBDC78-A3D2-51AC-6D63-0D02A7359CCF</generatorID>
<ownerDesignName>mau_oraclemodel</ownerDesignName>
<useDomainConstraints>false</useDomainConstraints>
<use>1</use>
<logicalDatatype>LOGDT019</logicalDatatype>
<dataTypePrecision>3</dataTypePrecision>
<ownDataTypeParameters>,3,</ownDataTypeParameters>
<autoIncrementCycle>false</autoIncrementCycle>
</Column>
<Column name="artwork_title" id="E17A92A8-AE3E-79E2-9981-702C362560B7">
<createdBy>vtan0019</createdBy>
<createdTime>2020-05-12 16:10:54 UTC</createdTime>
<commentInRDBMS><![CDATA[artwork title]]></commentInRDBMS>
<generatorID>6B9A74F0-C1A8-440B-F7F8-C1F5B2BF8CA8</generatorID>
<ownerDesignName>mau_oraclemodel</ownerDesignName>
<useDomainConstraints>false</useDomainConstraints>
<use>1</use>
<logicalDatatype>LOGDT024</logicalDatatype>
<dataTypeSize>80</dataTypeSize>
<ownDataTypeParameters>80,,</ownDataTypeParameters>
<autoIncrementCycle>false</autoIncrementCycle>
</Column>
<Column name="artwork_date_added" id="00984DAC-2165-C701-3030-50BA86A3DA05">
<createdBy>vtan0019</createdBy>
<createdTime>2020-05-12 16:10:54 UTC</createdTime>
<commentInRDBMS><![CDATA[artwork date added to stock]]></commentInRDBMS>
<generatorID>088A16C3-0F2A-BCA4-4C4F-903376C5C715</generatorID>
<ownerDesignName>mau_oraclemodel</ownerDesignName>
<useDomainConstraints>false</useDomainConstraints>
<use>1</use>
<logicalDatatype>LOGDT007</logicalDatatype>
<ownDataTypeParameters>,,</ownDataTypeParameters>
<autoIncrementCycle>false</autoIncrementCycle>
</Column>
<Column name="artwork_min_price" id="095F70DF-44EE-D2C0-1B8E-331CB95CE630">
<createdBy>vtan0019</createdBy>
<createdTime>2020-05-12 16:10:54 UTC</createdTime>
<commentInRDBMS><![CDATA[artwork minimum price artist receives when sold]]></commentInRDBMS>
<generatorID>947CAF8B-3D6C-05FA-8398-CB56F0A0D51A</generatorID>
<ownerDesignName>mau_oraclemodel</ownerDesignName>
<useDomainConstraints>false</useDomainConstraints>
<use>1</use>
<logicalDatatype>LOGDT019</logicalDatatype>
<dataTypePrecision>10</dataTypePrecision>
<dataTypeScale>2</dataTypeScale>
<ownDataTypeParameters>,10,2</ownDataTypeParameters>
<autoIncrementCycle>false</autoIncrementCycle>
</Column>
<Column name="media_id" id="B8879E91-4A36-5F78-8ED5-4BCA7A2BE9E3">
<createdBy>vtan0019</createdBy>
<createdTime>2020-05-12 16:10:54 UTC</createdTime>
<commentInRDBMS><![CDATA[media surrogate key]]></commentInRDBMS>
<generatorID>3F8A9AF6-F995-736E-08A4-6238B09570B2</generatorID>
<ownerDesignName>mau_oraclemodel</ownerDesignName>
<useDomainConstraints>false</useDomainConstraints>
<use>1</use>
<logicalDatatype>LOGDT019</logicalDatatype>
<dataTypePrecision>7</dataTypePrecision>
<ownDataTypeParameters>,,</ownDataTypeParameters>
<previousColumn>false</previousColumn>
<autoIncrementCycle>false</autoIncrementCycle>
<associations>
<colAssociation fkAssociation="A1EC44C5-88CD-455A-97B1-AD4BCAD6D824" referredColumn="163E0CC1-1423-AB58-7443-E1A01E1810A4"/>
</associations>
</Column>
<Column name="style_id" id="56AAA38E-2C14-2400-21B0-5D531503C5AC">
<createdBy>vtan0019</createdBy>
<createdTime>2020-05-12 16:10:54 UTC</createdTime>
<commentInRDBMS><![CDATA[style surrogate key]]></commentInRDBMS>
<generatorID>FFA6A894-175C-F64C-47FB-EAC6B482EEFB</generatorID>
<ownerDesignName>mau_oraclemodel</ownerDesignName>
<useDomainConstraints>false</useDomainConstraints>
<use>1</use>
<logicalDatatype>LOGDT019</logicalDatatype>
<dataTypePrecision>7</dataTypePrecision>
<ownDataTypeParameters>,,</ownDataTypeParameters>
<previousColumn>false</previousColumn>
<autoIncrementCycle>false</autoIncrementCycle>
<associations>
<colAssociation fkAssociation="557D45E0-67FE-D3F8-E83B-7EB0C5872C6F" referredColumn="339EE2AF-42F6-8782-B8BB-20F9129E5E14"/>
</associations>
</Column>
</columns>
<indexes itemClass="oracle.dbtools.crest.model.design.relational.Index">
<ind_PK_UK id="6830750E-0399-32C3-B41B-34BDE46AC712" name="ARTWORK_PK">
<createdBy>vtan0019</createdBy>
<createdTime>2020-05-12 16:10:54 UTC</createdTime>
<generatorID>396CF851-1DF9-6817-DD1C-D47631EC7460</generatorID>
<ownerDesignName>mau_oraclemodel</ownerDesignName>
<pk>true</pk>
<indexState>Primary Constraint</indexState>
<isSurrogateKey>false</isSurrogateKey>
<indexColumnUsage>
<colUsage columnID="6CC355A4-03D9-2C44-702E-6712D15979BB"/>
<colUsage columnID="692B2E30-298F-9321-BF09-3F4F2DDEEDA2"/>
</indexColumnUsage>
</ind_PK_UK>
<ind_PK_UK id="6D668247-C514-DCF0-3DA1-6854DAE04A14" name="ARTIST_ARTWORK">
<createdBy>vtan0019</createdBy>
<createdTime>2020-05-12 16:10:54 UTC</createdTime>
<generatorID>FA82C6E5-95E4-9A46-5C99-C12ACAF146B5</generatorID>
<ownerDesignName>mau_oraclemodel</ownerDesignName>
<indexState>Foreign Key</indexState>
<isSurrogateKey>false</isSurrogateKey>
<indexColumnUsage>
<colUsage columnID="692B2E30-298F-9321-BF09-3F4F2DDEEDA2"/>
</indexColumnUsage>
</ind_PK_UK>
<ind_PK_UK id="EC0938A8-7FAC-2856-ABB4-6BBC5841C704" name="MEDIA_ARTWORK">
<createdBy>vtan0019</createdBy>
<createdTime>2020-05-12 16:10:54 UTC</createdTime>
<generatorID>E6A79E85-0B27-2407-2E8B-1A322AFAF42A</generatorID>
<ownerDesignName>mau_oraclemodel</ownerDesignName>
<indexState>Foreign Key</indexState>
<isSurrogateKey>false</isSurrogateKey>
<indexColumnUsage>
<colUsage columnID="B8879E91-4A36-5F78-8ED5-4BCA7A2BE9E3"/>
</indexColumnUsage>
</ind_PK_UK>
<ind_PK_UK id="2AB87AEC-6427-364C-7420-A30ADB66996B" name="STYLE_ARTWORK">
<createdBy>vtan0019</createdBy>
<createdTime>2020-05-12 16:10:54 UTC</createdTime>
<generatorID>41E881E6-B60B-FDBF-F6EF-4BD381DF7793</generatorID>
<ownerDesignName>mau_oraclemodel</ownerDesignName>
<indexState>Foreign Key</indexState>
<isSurrogateKey>false</isSurrogateKey>
<indexColumnUsage>
<colUsage columnID="56AAA38E-2C14-2400-21B0-5D531503C5AC"/>
</indexColumnUsage>
</ind_PK_UK>
</indexes>
</Table>
