<?xml version = '1.0' encoding = 'UTF-8'?>
<Table class="oracle.dbtools.crest.model.design.relational.Table" directorySegmentName="seg_0" id="D8F6BA57-A56D-F263-A848-9FD32EF403C3" name="STATUS">
<createdBy>vtan0019</createdBy>
<createdTime>2020-05-12 16:10:54 UTC</createdTime>
<generatorID>0EA29B24-B4DB-8DE7-499A-B8851C03440C</generatorID>
<ownerDesignName>mau_oraclemodel</ownerDesignName>
<allowColumnReorder>false</allowColumnReorder>
<existDependencyGenerateInDDl>true</existDependencyGenerateInDDl>
<parsed>true</parsed>
<columns itemClass="oracle.dbtools.crest.model.design.relational.Column">
<Column name="status_id" id="7DE83BF3-86B9-38B6-DC9F-F5542E49A688">
<createdBy>vtan0019</createdBy>
<createdTime>2020-05-12 16:10:54 UTC</createdTime>
<commentInRDBMS><![CDATA[status surrogate key]]></commentInRDBMS>
<generatorID>735FDCEE-3E7D-464B-7F55-74657D85902F</generatorID>
<ownerDesignName>mau_oraclemodel</ownerDesignName>
<useDomainConstraints>false</useDomainConstraints>
<use>1</use>
<logicalDatatype>LOGDT019</logicalDatatype>
<dataTypePrecision>7</dataTypePrecision>
<ownDataTypeParameters>,7,</ownDataTypeParameters>
<autoIncrementCycle>false</autoIncrementCycle>
</Column>
<Column name="artist_code" id="6BE65B92-F4D8-825E-AD34-37AF8C9A3A87">
<createdBy>vtan0019</createdBy>
<createdTime>2020-05-12 16:10:54 UTC</createdTime>
<commentInRDBMS><![CDATA[artist number]]></commentInRDBMS>
<generatorID>877D636C-5084-DDBD-3B34-14763772A3E9</generatorID>
<ownerDesignName>mau_oraclemodel</ownerDesignName>
<useDomainConstraints>false</useDomainConstraints>
<use>1</use>
<logicalDatatype>LOGDT019</logicalDatatype>
<dataTypePrecision>4</dataTypePrecision>
<ownDataTypeParameters>,4,</ownDataTypeParameters>
<previousColumn>false</previousColumn>
<autoIncrementCycle>false</autoIncrementCycle>
<associations>
<colAssociation fkAssociation="52986D80-B63C-135B-8B9D-33FE684D9266" referredColumn="692B2E30-298F-9321-BF09-3F4F2DDEEDA2"/>
</associations>
</Column>
<Column name="artwork_no" id="D0173DFD-029C-CB83-4F2E-AD948FC9CF78">
<createdBy>vtan0019</createdBy>
<createdTime>2020-05-12 16:10:54 UTC</createdTime>
<commentInRDBMS><![CDATA[artwork number]]></commentInRDBMS>
<generatorID>6EBA6691-7639-7C30-1C79-71C4CE424962</generatorID>
<ownerDesignName>mau_oraclemodel</ownerDesignName>
<useDomainConstraints>false</useDomainConstraints>
<use>1</use>
<logicalDatatype>LOGDT019</logicalDatatype>
<dataTypePrecision>3</dataTypePrecision>
<ownDataTypeParameters>,3,</ownDataTypeParameters>
<previousColumn>false</previousColumn>
<autoIncrementCycle>false</autoIncrementCycle>
<associations>
<colAssociation fkAssociation="52986D80-B63C-135B-8B9D-33FE684D9266" referredColumn="6CC355A4-03D9-2C44-702E-6712D15979BB"/>
</associations>
</Column>
<Column name="status_date" id="3814F07B-D799-423C-05E1-26F288B27034">
<createdBy>vtan0019</createdBy>
<createdTime>2020-05-12 16:10:54 UTC</createdTime>
<commentInRDBMS><![CDATA[status date]]></commentInRDBMS>
<generatorID>D89CA400-72B0-5B47-E4A7-23BA80342816</generatorID>
<ownerDesignName>mau_oraclemodel</ownerDesignName>
<useDomainConstraints>false</useDomainConstraints>
<use>1</use>
<logicalDatatype>LOGDT007</logicalDatatype>
<ownDataTypeParameters>,,</ownDataTypeParameters>
<autoIncrementCycle>false</autoIncrementCycle>
</Column>
<Column name="status_desc" id="26C2156A-31C1-A8BC-7FCB-C72AADA8CAB2">
<createdBy>vtan0019</createdBy>
<createdTime>2020-05-12 16:10:54 UTC</createdTime>
<commentInRDBMS><![CDATA[status description]]></commentInRDBMS>
<generatorID>BEACC8DF-F8B7-7F4A-344F-500257C4D9AD</generatorID>
<ownerDesignName>mau_oraclemodel</ownerDesignName>
<constraintName>chk_status_desc</constraintName>
<useDomainConstraints>false</useDomainConstraints>
<use>1</use>
<logicalDatatype>LOGDT024</logicalDatatype>
<dataTypeSize>30</dataTypeSize>
<listOfValues>
<valueDef value="On Display" description="on display by a gallery"/>
<valueDef value="Returned to Painter" description="artwork returned to artist"/>
<valueDef value="Shipped to Gallery" description="in transit"/>
<valueDef value="Sold" description="sold"/>
<valueDef value="in MAU Warehouse" description="in MAU storage at the MAU central warehouse"/>
</listOfValues>
<ownDataTypeParameters>30,,</ownDataTypeParameters>
<autoIncrementCycle>false</autoIncrementCycle>
</Column>
<Column name="gallery_id" id="E4862319-B231-369E-56AB-01D16DC407EF">
<createdBy>vtan0019</createdBy>
<createdTime>2020-05-12 16:10:54 UTC</createdTime>
<commentInRDBMS><![CDATA[gallery id]]></commentInRDBMS>
<generatorID>B5300A32-B4ED-F250-0B01-B484AE9505C4</generatorID>
<ownerDesignName>mau_oraclemodel</ownerDesignName>
<nullsAllowed>true</nullsAllowed>
<useDomainConstraints>false</useDomainConstraints>
<use>1</use>
<logicalDatatype>LOGDT019</logicalDatatype>
<dataTypePrecision>3</dataTypePrecision>
<ownDataTypeParameters>,3,</ownDataTypeParameters>
<previousColumn>false</previousColumn>
<autoIncrementCycle>false</autoIncrementCycle>
<associations>
<colAssociation fkAssociation="A8D3451E-7077-A86D-BEF6-D0306BFF7D53" referredColumn="DDD88BCF-0BFA-B6E9-753E-D9F625CE3AD2"/>
</associations>
</Column>
</columns>
<indexes itemClass="oracle.dbtools.crest.model.design.relational.Index">
<ind_PK_UK id="8E749B7A-DF02-E082-DF36-006C77D0675E" name="STATUS_PK">
<createdBy>vtan0019</createdBy>
<createdTime>2020-05-12 16:10:54 UTC</createdTime>
<generatorID>15613FCC-FAC4-2C38-8D56-21DA538FC90D</generatorID>
<ownerDesignName>mau_oraclemodel</ownerDesignName>
<pk>true</pk>
<indexState>Primary Constraint</indexState>
<isSurrogateKey>false</isSurrogateKey>
<indexColumnUsage>
<colUsage columnID="7DE83BF3-86B9-38B6-DC9F-F5542E49A688"/>
</indexColumnUsage>
</ind_PK_UK>
<ind_PK_UK id="F19E6148-0EA9-8EC5-6B65-97071F086B6D" name="NK_status">
<createdBy>vtan0019</createdBy>
<createdTime>2020-05-12 16:10:54 UTC</createdTime>
<generatorID>C323DE5C-537C-72D2-C2DA-E413BC427B92</generatorID>
<ownerDesignName>mau_oraclemodel</ownerDesignName>
<indexState>Unique Constraint</indexState>
<isSurrogateKey>false</isSurrogateKey>
<indexColumnUsage>
<colUsage columnID="6BE65B92-F4D8-825E-AD34-37AF8C9A3A87"/>
<colUsage columnID="D0173DFD-029C-CB83-4F2E-AD948FC9CF78"/>
<colUsage columnID="3814F07B-D799-423C-05E1-26F288B27034"/>
</indexColumnUsage>
</ind_PK_UK>
<ind_PK_UK id="E3AA4735-3148-1CC9-9F2E-6ACAC77F5589" name="ARTWORK_STATUS">
<createdBy>vtan0019</createdBy>
<createdTime>2020-05-12 16:10:54 UTC</createdTime>
<generatorID>BCC81050-522C-1B12-2A6D-F07BAD0D8B5B</generatorID>
<ownerDesignName>mau_oraclemodel</ownerDesignName>
<indexState>Foreign Key</indexState>
<isSurrogateKey>false</isSurrogateKey>
<indexColumnUsage>
<colUsage columnID="D0173DFD-029C-CB83-4F2E-AD948FC9CF78"/>
<colUsage columnID="6BE65B92-F4D8-825E-AD34-37AF8C9A3A87"/>
</indexColumnUsage>
</ind_PK_UK>
<ind_PK_UK id="FCA3D0D8-4797-3607-2716-6C10FDF476BE" name="GALLERY_STATUS">
<createdBy>vtan0019</createdBy>
<createdTime>2020-05-12 16:10:54 UTC</createdTime>
<generatorID>66EAD893-5925-EC8E-71D6-E7F0E897109E</generatorID>
<ownerDesignName>mau_oraclemodel</ownerDesignName>
<indexState>Foreign Key</indexState>
<isSurrogateKey>false</isSurrogateKey>
<indexColumnUsage>
<colUsage columnID="E4862319-B231-369E-56AB-01D16DC407EF"/>
</indexColumnUsage>
</ind_PK_UK>
</indexes>
</Table>
