<?xml version = '1.0' encoding = 'UTF-8'?>
<Relation class="oracle.dbtools.crest.model.design.logical.Relation" name="EXHIBIT_SALE" directorySegmentName="seg_0" id="3033DF46-F4D7-B3B6-E952-E0CB8F0E339C">
<createdBy>vtan0019</createdBy>
<createdTime>2020-05-12 10:51:09 UTC</createdTime>
<ownerDesignName>mau_oraclemodel</ownerDesignName>
<engineerTo>
<item key="BC88129E-3AC4-ACAD-F1DB-ACED842CCC44" value="true"/>
</engineerTo>
<sourcePk>F9D61B90-9FF5-BE5F-51B4-49A03292D1DC</sourcePk>
<identifying>false</identifying>
<nameOnSource>generates</nameOnSource>
<optionalSource>true</optionalSource>
<optionalTarget>false</optionalTarget>
<sourceCardinality>1</sourceCardinality>
<sourceEntity>E3ECC22C-4924-1709-9EA8-9B8F2E374062</sourceEntity>
<targetCardinalityString>1</targetCardinalityString>
<targetEntity>E78A2B32-E29D-85DD-2782-62CAA21ECFE7</targetEntity>
<transferable>true</transferable>
<deleteRule>NO ACTION</deleteRule>
</Relation>
