<?xml version = '1.0' encoding = 'UTF-8'?>
<Relation class="oracle.dbtools.crest.model.design.logical.Relation" name="STYLE_ARTWORK" directorySegmentName="seg_0" id="41E881E6-B60B-FDBF-F6EF-4BD381DF7793">
<createdBy>vtan0019</createdBy>
<createdTime>2020-05-12 10:14:00 UTC</createdTime>
<ownerDesignName>mau_oraclemodel</ownerDesignName>
<engineerTo>
<item key="BC88129E-3AC4-ACAD-F1DB-ACED842CCC44" value="true"/>
</engineerTo>
<sourcePk>CF673F83-F5DB-5B4F-B737-130E6A918EE9</sourcePk>
<identifying>false</identifying>
<nameOnSource>assigned_to</nameOnSource>
<optionalSource>true</optionalSource>
<optionalTarget>false</optionalTarget>
<sourceCardinality>1</sourceCardinality>
<sourceEntity>599B7463-1014-C40D-4B91-8B4D5E4E1240</sourceEntity>
<targetCardinalityString>*</targetCardinalityString>
<targetEntity>B651F99C-63E9-AD97-B25F-8E39474B3A15</targetEntity>
<transferable>true</transferable>
<deleteRule>NO ACTION</deleteRule>
</Relation>
