<?xml version = '1.0' encoding = 'UTF-8'?>
<Relation class="oracle.dbtools.crest.model.design.logical.Relation" name="GALLERY_STATUS" directorySegmentName="seg_0" id="66EAD893-5925-EC8E-71D6-E7F0E897109E">
<createdBy>vtan0019</createdBy>
<createdTime>2020-05-12 10:28:43 UTC</createdTime>
<ownerDesignName>mau_oraclemodel</ownerDesignName>
<engineerTo>
<item key="BC88129E-3AC4-ACAD-F1DB-ACED842CCC44" value="true"/>
</engineerTo>
<sourcePk>29AA8B03-87C3-CF93-78D0-48EF64326A55</sourcePk>
<identifying>false</identifying>
<nameOnSource>is_part_of</nameOnSource>
<optionalSource>true</optionalSource>
<optionalTarget>true</optionalTarget>
<sourceCardinality>1</sourceCardinality>
<sourceEntity>EB2AE6B9-CA50-B3BA-DF07-8F58DE34C5EE</sourceEntity>
<targetCardinalityString>*</targetCardinalityString>
<targetEntity>0EA29B24-B4DB-8DE7-499A-B8851C03440C</targetEntity>
<transferable>true</transferable>
<deleteRule>NO ACTION</deleteRule>
</Relation>
