<?xml version = '1.0' encoding = 'UTF-8'?>
<Relation class="oracle.dbtools.crest.model.design.logical.Relation" name="GALLERY_EXHIBIT" directorySegmentName="seg_0" id="79629027-FD4D-1200-AAD8-7081BE93B0B5">
<createdBy>vtan0019</createdBy>
<createdTime>2020-05-12 10:47:49 UTC</createdTime>
<ownerDesignName>mau_oraclemodel</ownerDesignName>
<engineerTo>
<item key="BC88129E-3AC4-ACAD-F1DB-ACED842CCC44" value="true"/>
</engineerTo>
<sourcePk>29AA8B03-87C3-CF93-78D0-48EF64326A55</sourcePk>
<identifying>false</identifying>
<nameOnSource>puts_on</nameOnSource>
<optionalSource>true</optionalSource>
<optionalTarget>false</optionalTarget>
<sourceCardinality>1</sourceCardinality>
<sourceEntity>EB2AE6B9-CA50-B3BA-DF07-8F58DE34C5EE</sourceEntity>
<targetCardinalityString>*</targetCardinalityString>
<targetEntity>E3ECC22C-4924-1709-9EA8-9B8F2E374062</targetEntity>
<transferable>true</transferable>
<deleteRule>NO ACTION</deleteRule>
</Relation>
