<?xml version = '1.0' encoding = 'UTF-8'?>
<Relation class="oracle.dbtools.crest.model.design.logical.Relation" name="ARTWORK_STATUS" directorySegmentName="seg_0" id="BCC81050-522C-1B12-2A6D-F07BAD0D8B5B">
<createdBy>vtan0019</createdBy>
<createdTime>2020-05-12 10:15:55 UTC</createdTime>
<ownerDesignName>mau_oraclemodel</ownerDesignName>
<engineerTo>
<item key="BC88129E-3AC4-ACAD-F1DB-ACED842CCC44" value="true"/>
</engineerTo>
<sourcePk>396CF851-1DF9-6817-DD1C-D47631EC7460</sourcePk>
<identifying>false</identifying>
<nameOnSource>has</nameOnSource>
<optionalSource>false</optionalSource>
<optionalTarget>false</optionalTarget>
<sourceCardinality>1</sourceCardinality>
<sourceEntity>B651F99C-63E9-AD97-B25F-8E39474B3A15</sourceEntity>
<targetCardinalityString>*</targetCardinalityString>
<targetEntity>0EA29B24-B4DB-8DE7-499A-B8851C03440C</targetEntity>
<transferable>true</transferable>
<deleteRule>NO ACTION</deleteRule>
</Relation>
