<?xml version = '1.0' encoding = 'UTF-8'?>
<Relation class="oracle.dbtools.crest.model.design.logical.Relation" name="ARTWORK_EXHIBIT" directorySegmentName="seg_0" id="BD05B923-6DC8-9B83-7A9F-6AB0A9DB82DA">
<createdBy>vtan0019</createdBy>
<createdTime>2020-05-12 10:25:06 UTC</createdTime>
<ownerDesignName>mau_oraclemodel</ownerDesignName>
<engineerTo>
<item key="BC88129E-3AC4-ACAD-F1DB-ACED842CCC44" value="true"/>
</engineerTo>
<sourcePk>396CF851-1DF9-6817-DD1C-D47631EC7460</sourcePk>
<identifying>false</identifying>
<nameOnSource>is_displayed_in</nameOnSource>
<optionalSource>true</optionalSource>
<optionalTarget>false</optionalTarget>
<sourceCardinality>1</sourceCardinality>
<sourceEntity>B651F99C-63E9-AD97-B25F-8E39474B3A15</sourceEntity>
<targetCardinalityString>*</targetCardinalityString>
<targetEntity>E3ECC22C-4924-1709-9EA8-9B8F2E374062</targetEntity>
<transferable>true</transferable>
<deleteRule>NO ACTION</deleteRule>
</Relation>
