<?xml version = '1.0' encoding = 'UTF-8'?>
<Relation class="oracle.dbtools.crest.model.design.logical.Relation" name="STYLE_STYLE" directorySegmentName="seg_0" id="DA5B9299-79FD-B893-9EB4-DF9A1D981FDF">
<createdBy>vtan0019</createdBy>
<createdTime>2020-05-13 04:10:04 UTC</createdTime>
<ownerDesignName>mau_oraclemodel</ownerDesignName>
<engineerTo>
<item key="BC88129E-3AC4-ACAD-F1DB-ACED842CCC44" value="true"/>
</engineerTo>
<targetPk>CF673F83-F5DB-5B4F-B737-130E6A918EE9</targetPk>
<identifying>false</identifying>
<nameOnSource>parent_of</nameOnSource>
<optionalSource>true</optionalSource>
<optionalTarget>true</optionalTarget>
<sourceCardinality>1</sourceCardinality>
<sourceEntity>599B7463-1014-C40D-4B91-8B4D5E4E1240</sourceEntity>
<targetCardinalityString>*</targetCardinalityString>
<targetEntity>599B7463-1014-C40D-4B91-8B4D5E4E1240</targetEntity>
<transferable>true</transferable>
<deleteRule>NO ACTION</deleteRule>
</Relation>
