<?xml version = '1.0' encoding = 'UTF-8'?>
<Relation class="oracle.dbtools.crest.model.design.logical.Relation" name="MEDIA_ARTWORK" directorySegmentName="seg_0" id="E6A79E85-0B27-2407-2E8B-1A322AFAF42A">
<createdBy>vtan0019</createdBy>
<createdTime>2020-05-12 10:12:21 UTC</createdTime>
<ownerDesignName>mau_oraclemodel</ownerDesignName>
<engineerTo>
<item key="BC88129E-3AC4-ACAD-F1DB-ACED842CCC44" value="true"/>
</engineerTo>
<sourcePk>6A66B799-5A7D-B0C4-9BC8-8A7CB67DA49D</sourcePk>
<identifying>false</identifying>
<nameOnSource>used_in</nameOnSource>
<optionalSource>true</optionalSource>
<optionalTarget>false</optionalTarget>
<sourceCardinality>1</sourceCardinality>
<sourceEntity>3229A567-41F2-3EA8-9A0E-405374CD661B</sourceEntity>
<targetCardinalityString>*</targetCardinalityString>
<targetEntity>B651F99C-63E9-AD97-B25F-8E39474B3A15</targetEntity>
<transferable>true</transferable>
<deleteRule>NO ACTION</deleteRule>
</Relation>
