<?xml version = '1.0' encoding = 'UTF-8'?>
<Relation class="oracle.dbtools.crest.model.design.logical.Relation" name="ARTIST_ARTWORK" directorySegmentName="seg_0" id="FA82C6E5-95E4-9A46-5C99-C12ACAF146B5">
<createdBy>vtan0019</createdBy>
<createdTime>2020-05-12 10:04:11 UTC</createdTime>
<ownerDesignName>mau_oraclemodel</ownerDesignName>
<engineerTo>
<item key="BC88129E-3AC4-ACAD-F1DB-ACED842CCC44" value="true"/>
</engineerTo>
<sourcePk>93DABF3E-3B9D-790F-7E4F-B28E871696BA</sourcePk>
<identifying>true</identifying>
<nameOnSource>creates</nameOnSource>
<optionalSource>false</optionalSource>
<optionalTarget>false</optionalTarget>
<sourceCardinality>1</sourceCardinality>
<sourceEntity>3080F79A-49AC-2C7B-51B0-9334B1F52DEE</sourceEntity>
<targetCardinalityString>*</targetCardinalityString>
<targetEntity>B651F99C-63E9-AD97-B25F-8E39474B3A15</targetEntity>
<transferable>true</transferable>
<deleteRule>NO ACTION</deleteRule>
</Relation>
