<?xml version = '1.0' encoding = 'UTF-8'?>
<Relation class="oracle.dbtools.crest.model.design.logical.Relation" name="CUSTOMER_SALE" directorySegmentName="seg_0" id="FC2CECE2-0798-7B20-AE33-A4A4C26EC6C3">
<createdBy>vtan0019</createdBy>
<createdTime>2020-05-12 10:53:11 UTC</createdTime>
<ownerDesignName>mau_oraclemodel</ownerDesignName>
<engineerTo>
<item key="BC88129E-3AC4-ACAD-F1DB-ACED842CCC44" value="true"/>
</engineerTo>
<sourcePk>FA31E5CB-1290-FBE7-D835-893D21FF8E6D</sourcePk>
<identifying>false</identifying>
<nameOnSource>makes_purchase_through</nameOnSource>
<optionalSource>true</optionalSource>
<optionalTarget>false</optionalTarget>
<sourceCardinality>1</sourceCardinality>
<sourceEntity>D6E529C4-82EA-F9E6-ECB6-DBDDD5A390FF</sourceEntity>
<targetCardinalityString>*</targetCardinalityString>
<targetEntity>E78A2B32-E29D-85DD-2782-62CAA21ECFE7</targetEntity>
<transferable>true</transferable>
<deleteRule>NO ACTION</deleteRule>
</Relation>
