<?xml version = '1.0' encoding = 'UTF-8'?>
<Entity class="oracle.dbtools.crest.model.design.logical.Entity" directorySegmentName="seg_0" id="0EA29B24-B4DB-8DE7-499A-B8851C03440C" name="STATUS">
<createdBy>vtan0019</createdBy>
<createdTime>2020-05-11 17:36:52 UTC</createdTime>
<ownerDesignName>mau_oraclemodel</ownerDesignName>
<engineerTo>
<item key="BC88129E-3AC4-ACAD-F1DB-ACED842CCC44" value="true"/>
</engineerTo>
<adequatelyNormalized>NO</adequatelyNormalized>
<expectedVolumes>0</expectedVolumes>
<fwdEngineeringStrategyName>Single Table</fwdEngineeringStrategyName>
<growthPercent>0</growthPercent>
<growthType>Year</growthType>
<maxVolumes>9999999</maxVolumes>
<minVolumes>0</minVolumes>
<normalForm>Third</normalForm>
<attributes itemClass="oracle.dbtools.crest.model.design.logical.Attribute">
<Attribute name="status_id" id="735FDCEE-3E7D-464B-7F55-74657D85902F">
<createdBy>vtan0019</createdBy>
<createdTime>2020-05-12 15:23:35 UTC</createdTime>
<commentInRDBMS><![CDATA[status surrogate key]]></commentInRDBMS>
<ownerDesignName>mau_oraclemodel</ownerDesignName>
<engineerTo>
<item key="BC88129E-3AC4-ACAD-F1DB-ACED842CCC44" value="true"/>
</engineerTo>
<useDomainConstraints>false</useDomainConstraints>
<use>1</use>
<logicalDatatype>LOGDT019</logicalDatatype>
<dataTypePrecision>7</dataTypePrecision>
<ownDataTypeParameters>,7,</ownDataTypeParameters>
</Attribute>
<Attribute name="artist_code" id="877D636C-5084-DDBD-3B34-14763772A3E9">
<createdBy>vtan0019</createdBy>
<createdTime>2020-05-12 10:15:55 UTC</createdTime>
<commentInRDBMS><![CDATA[artist number]]></commentInRDBMS>
<generatorID>BCC81050-522C-1B12-2A6D-F07BAD0D8B5B</generatorID>
<ownerDesignName>mau_oraclemodel</ownerDesignName>
<engineerTo>
<item key="BC88129E-3AC4-ACAD-F1DB-ACED842CCC44" value="true"/>
</engineerTo>
<referedAttribute>2C99A897-7D27-D500-5475-963C028B2F56</referedAttribute>
<useDomainConstraints>false</useDomainConstraints>
<use>1</use>
<logicalDatatype>LOGDT019</logicalDatatype>
<dataTypePrecision>4</dataTypePrecision>
<ownDataTypeParameters>,,</ownDataTypeParameters>
</Attribute>
<Attribute name="artwork_no" id="6EBA6691-7639-7C30-1C79-71C4CE424962">
<createdBy>vtan0019</createdBy>
<createdTime>2020-05-12 10:15:55 UTC</createdTime>
<commentInRDBMS><![CDATA[artwork number]]></commentInRDBMS>
<generatorID>BCC81050-522C-1B12-2A6D-F07BAD0D8B5B</generatorID>
<ownerDesignName>mau_oraclemodel</ownerDesignName>
<engineerTo>
<item key="BC88129E-3AC4-ACAD-F1DB-ACED842CCC44" value="true"/>
</engineerTo>
<referedAttribute>B3FBDC78-A3D2-51AC-6D63-0D02A7359CCF</referedAttribute>
<useDomainConstraints>false</useDomainConstraints>
<use>1</use>
<logicalDatatype>LOGDT019</logicalDatatype>
<dataTypePrecision>3</dataTypePrecision>
<ownDataTypeParameters>,3,</ownDataTypeParameters>
</Attribute>
<Attribute name="status_date" id="D89CA400-72B0-5B47-E4A7-23BA80342816">
<createdBy>vtan0019</createdBy>
<createdTime>2020-05-11 17:37:00 UTC</createdTime>
<commentInRDBMS><![CDATA[status date]]></commentInRDBMS>
<ownerDesignName>mau_oraclemodel</ownerDesignName>
<engineerTo>
<item key="BC88129E-3AC4-ACAD-F1DB-ACED842CCC44" value="true"/>
</engineerTo>
<useDomainConstraints>false</useDomainConstraints>
<use>1</use>
<logicalDatatype>LOGDT007</logicalDatatype>
<ownDataTypeParameters>,,</ownDataTypeParameters>
</Attribute>
<Attribute name="status_desc" id="BEACC8DF-F8B7-7F4A-344F-500257C4D9AD">
<createdBy>vtan0019</createdBy>
<createdTime>2020-05-11 17:37:53 UTC</createdTime>
<commentInRDBMS><![CDATA[status description]]></commentInRDBMS>
<ownerDesignName>mau_oraclemodel</ownerDesignName>
<engineerTo>
<item key="BC88129E-3AC4-ACAD-F1DB-ACED842CCC44" value="true"/>
</engineerTo>
<constraintName>chk_status_desc</constraintName>
<useDomainConstraints>false</useDomainConstraints>
<use>1</use>
<logicalDatatype>LOGDT024</logicalDatatype>
<dataTypeSize>30</dataTypeSize>
<listOfValues>
<valueDef value="On Display" description="on display by a gallery"/>
<valueDef value="Returned to Painter" description="artwork returned to artist"/>
<valueDef value="Shipped to Gallery" description="in transit"/>
<valueDef value="Sold" description="sold"/>
<valueDef value="in MAU Warehouse" description="in MAU storage at the MAU central warehouse"/>
</listOfValues>
<ownDataTypeParameters>30,,</ownDataTypeParameters>
</Attribute>
<Attribute name="gallery_id" id="B5300A32-B4ED-F250-0B01-B484AE9505C4">
<createdBy>vtan0019</createdBy>
<createdTime>2020-05-12 10:28:43 UTC</createdTime>
<commentInRDBMS><![CDATA[gallery id]]></commentInRDBMS>
<generatorID>66EAD893-5925-EC8E-71D6-E7F0E897109E</generatorID>
<ownerDesignName>mau_oraclemodel</ownerDesignName>
<engineerTo>
<item key="BC88129E-3AC4-ACAD-F1DB-ACED842CCC44" value="true"/>
</engineerTo>
<nullsAllowed>true</nullsAllowed>
<referedAttribute>2C120950-3DFD-A146-2C67-B382C05ED4E7</referedAttribute>
<useDomainConstraints>false</useDomainConstraints>
<use>1</use>
<logicalDatatype>LOGDT019</logicalDatatype>
<dataTypePrecision>3</dataTypePrecision>
<ownDataTypeParameters>,3,</ownDataTypeParameters>
</Attribute>
</attributes>
<identifiers itemClass="oracle.dbtools.crest.model.design.logical.CandidateKey">
<identifier id="15613FCC-FAC4-2C38-8D56-21DA538FC90D" name="STATUS PK">
<createdBy>vtan0019</createdBy>
<createdTime>2020-05-11 17:37:25 UTC</createdTime>
<ownerDesignName>mau_oraclemodel</ownerDesignName>
<engineerTo>
<item key="BC88129E-3AC4-ACAD-F1DB-ACED842CCC44" value="true"/>
</engineerTo>
<pk>true</pk>
<newElementsIDs>735FDCEE-3E7D-464B-7F55-74657D85902F</newElementsIDs>
<usedAttributes>
<attributeRef>735FDCEE-3E7D-464B-7F55-74657D85902F</attributeRef>
</usedAttributes>
</identifier>
<identifier id="C323DE5C-537C-72D2-C2DA-E413BC427B92" name="NK status">
<createdBy>vtan0019</createdBy>
<createdTime>2020-05-12 15:24:52 UTC</createdTime>
<ownerDesignName>mau_oraclemodel</ownerDesignName>
<engineerTo>
<item key="BC88129E-3AC4-ACAD-F1DB-ACED842CCC44" value="true"/>
</engineerTo>
<newElementsIDs>BCC81050-522C-1B12-2A6D-F07BAD0D8B5B,D89CA400-72B0-5B47-E4A7-23BA80342816</newElementsIDs>
<usedAttributes>
<attributeRef>6EBA6691-7639-7C30-1C79-71C4CE424962</attributeRef>
<attributeRef>877D636C-5084-DDBD-3B34-14763772A3E9</attributeRef>
<attributeRef>D89CA400-72B0-5B47-E4A7-23BA80342816</attributeRef>
</usedAttributes>
</identifier>
</identifiers>
</Entity>
