<?xml version = '1.0' encoding = 'UTF-8'?>
<Entity class="oracle.dbtools.crest.model.design.logical.Entity" directorySegmentName="seg_0" id="3080F79A-49AC-2C7B-51B0-9334B1F52DEE" name="ARTIST">
<createdBy>vtan0019</createdBy>
<createdTime>2020-05-11 10:26:21 UTC</createdTime>
<ownerDesignName>mau_oraclemodel</ownerDesignName>
<engineerTo>
<item key="BC88129E-3AC4-ACAD-F1DB-ACED842CCC44" value="true"/>
</engineerTo>
<adequatelyNormalized>NO</adequatelyNormalized>
<expectedVolumes>0</expectedVolumes>
<fwdEngineeringStrategyName>Single Table</fwdEngineeringStrategyName>
<growthPercent>0</growthPercent>
<growthType>Year</growthType>
<maxVolumes>9999999</maxVolumes>
<minVolumes>0</minVolumes>
<normalForm>Third</normalForm>
<attributes itemClass="oracle.dbtools.crest.model.design.logical.Attribute">
<Attribute name="artist_code" id="29842778-9805-0CCC-94B9-7CB385880F01">
<createdBy>vtan0019</createdBy>
<createdTime>2020-05-11 10:26:43 UTC</createdTime>
<commentInRDBMS><![CDATA[artist number]]></commentInRDBMS>
<ownerDesignName>mau_oraclemodel</ownerDesignName>
<engineerTo>
<item key="BC88129E-3AC4-ACAD-F1DB-ACED842CCC44" value="true"/>
</engineerTo>
<useDomainConstraints>false</useDomainConstraints>
<use>1</use>
<logicalDatatype>LOGDT019</logicalDatatype>
<dataTypePrecision>4</dataTypePrecision>
<ownDataTypeParameters>,4,</ownDataTypeParameters>
</Attribute>
<Attribute name="artist_givname" id="4DD0FCAE-11E4-70B5-BCE3-49F911EEBDE0">
<createdBy>vtan0019</createdBy>
<createdTime>2020-05-11 10:36:38 UTC</createdTime>
<commentInRDBMS><![CDATA[artist given name]]></commentInRDBMS>
<ownerDesignName>mau_oraclemodel</ownerDesignName>
<engineerTo>
<item key="BC88129E-3AC4-ACAD-F1DB-ACED842CCC44" value="true"/>
</engineerTo>
<useDomainConstraints>false</useDomainConstraints>
<use>1</use>
<logicalDatatype>LOGDT024</logicalDatatype>
<dataTypeSize>30</dataTypeSize>
<ownDataTypeParameters>30,,</ownDataTypeParameters>
</Attribute>
<Attribute name="artist_famname" id="7A43EE63-69B2-31D6-BD9F-D6253A2751F0">
<createdBy>vtan0019</createdBy>
<createdTime>2020-05-11 10:38:01 UTC</createdTime>
<commentInRDBMS><![CDATA[artist family name]]></commentInRDBMS>
<ownerDesignName>mau_oraclemodel</ownerDesignName>
<engineerTo>
<item key="BC88129E-3AC4-ACAD-F1DB-ACED842CCC44" value="true"/>
</engineerTo>
<useDomainConstraints>false</useDomainConstraints>
<use>1</use>
<logicalDatatype>LOGDT024</logicalDatatype>
<dataTypeSize>30</dataTypeSize>
<ownDataTypeParameters>30,,</ownDataTypeParameters>
</Attribute>
<Attribute name="artist_street" id="0C5D73F4-7711-825B-F9B2-C22CAD79D68C">
<createdBy>vtan0019</createdBy>
<createdTime>2020-05-11 10:38:22 UTC</createdTime>
<commentInRDBMS><![CDATA[artist street of contact address]]></commentInRDBMS>
<ownerDesignName>mau_oraclemodel</ownerDesignName>
<engineerTo>
<item key="BC88129E-3AC4-ACAD-F1DB-ACED842CCC44" value="true"/>
</engineerTo>
<useDomainConstraints>false</useDomainConstraints>
<use>1</use>
<logicalDatatype>LOGDT024</logicalDatatype>
<dataTypeSize>30</dataTypeSize>
<ownDataTypeParameters>30,,</ownDataTypeParameters>
</Attribute>
<Attribute name="artist_town" id="306D24BB-1160-C752-7B31-B7FABD96AE33">
<createdBy>vtan0019</createdBy>
<createdTime>2020-05-11 10:39:47 UTC</createdTime>
<commentInRDBMS><![CDATA[artist town of contact address]]></commentInRDBMS>
<ownerDesignName>mau_oraclemodel</ownerDesignName>
<engineerTo>
<item key="BC88129E-3AC4-ACAD-F1DB-ACED842CCC44" value="true"/>
</engineerTo>
<useDomainConstraints>false</useDomainConstraints>
<use>1</use>
<logicalDatatype>LOGDT024</logicalDatatype>
<dataTypeSize>30</dataTypeSize>
<ownDataTypeParameters>30,,</ownDataTypeParameters>
</Attribute>
<Attribute name="artist_state" id="8EABC7FF-100A-E901-68AD-DE9F1299A5C6">
<createdBy>vtan0019</createdBy>
<createdTime>2020-05-11 10:40:08 UTC</createdTime>
<commentInRDBMS><![CDATA[artist state of contact address in abbreviation]]></commentInRDBMS>
<ownerDesignName>mau_oraclemodel</ownerDesignName>
<engineerTo>
<item key="BC88129E-3AC4-ACAD-F1DB-ACED842CCC44" value="true"/>
</engineerTo>
<useDomainConstraints>false</useDomainConstraints>
<use>1</use>
<logicalDatatype>LOGDT025</logicalDatatype>
<dataTypeSize>3</dataTypeSize>
<ownDataTypeParameters>3,,</ownDataTypeParameters>
</Attribute>
<Attribute name="artist_phone" id="EB46B007-AA94-E74F-CDF7-5C93872748BF">
<createdBy>vtan0019</createdBy>
<createdTime>2020-05-11 10:44:15 UTC</createdTime>
<commentInRDBMS><![CDATA[artist phone number]]></commentInRDBMS>
<ownerDesignName>mau_oraclemodel</ownerDesignName>
<engineerTo>
<item key="BC88129E-3AC4-ACAD-F1DB-ACED842CCC44" value="true"/>
</engineerTo>
<nullsAllowed>true</nullsAllowed>
<useDomainConstraints>false</useDomainConstraints>
<use>1</use>
<logicalDatatype>LOGDT025</logicalDatatype>
<dataTypeSize>10</dataTypeSize>
<ownDataTypeParameters>10,,</ownDataTypeParameters>
</Attribute>
<Attribute name="artist_num_of_art" id="B9B9E2FF-5F35-6FF2-2357-F0E1528B61B4">
<createdBy>vtan0019</createdBy>
<createdTime>2020-05-11 10:45:18 UTC</createdTime>
<commentInRDBMS><![CDATA[artist number of art in stock]]></commentInRDBMS>
<ownerDesignName>mau_oraclemodel</ownerDesignName>
<engineerTo>
<item key="BC88129E-3AC4-ACAD-F1DB-ACED842CCC44" value="true"/>
</engineerTo>
<useDomainConstraints>false</useDomainConstraints>
<use>1</use>
<logicalDatatype>LOGDT019</logicalDatatype>
<dataTypePrecision>3</dataTypePrecision>
<ownDataTypeParameters>,3,</ownDataTypeParameters>
</Attribute>
</attributes>
<identifiers itemClass="oracle.dbtools.crest.model.design.logical.CandidateKey">
<identifier id="93DABF3E-3B9D-790F-7E4F-B28E871696BA" name="ARTIST PK">
<createdBy>vtan0019</createdBy>
<createdTime>2020-05-11 10:27:06 UTC</createdTime>
<ownerDesignName>mau_oraclemodel</ownerDesignName>
<engineerTo>
<item key="BC88129E-3AC4-ACAD-F1DB-ACED842CCC44" value="true"/>
</engineerTo>
<pk>true</pk>
<usedAttributes>
<attributeRef>29842778-9805-0CCC-94B9-7CB385880F01</attributeRef>
</usedAttributes>
</identifier>
</identifiers>
</Entity>
