<?xml version = '1.0' encoding = 'UTF-8'?>
<Entity class="oracle.dbtools.crest.model.design.logical.Entity" directorySegmentName="seg_0" id="3229A567-41F2-3EA8-9A0E-405374CD661B" name="MEDIA">
<createdBy>vtan0019</createdBy>
<createdTime>2020-05-11 17:19:18 UTC</createdTime>
<ownerDesignName>mau_oraclemodel</ownerDesignName>
<engineerTo>
<item key="BC88129E-3AC4-ACAD-F1DB-ACED842CCC44" value="true"/>
</engineerTo>
<adequatelyNormalized>NO</adequatelyNormalized>
<expectedVolumes>0</expectedVolumes>
<fwdEngineeringStrategyName>Single Table</fwdEngineeringStrategyName>
<growthPercent>0</growthPercent>
<growthType>Year</growthType>
<maxVolumes>9999999</maxVolumes>
<minVolumes>0</minVolumes>
<normalForm>Third</normalForm>
<attributes itemClass="oracle.dbtools.crest.model.design.logical.Attribute">
<Attribute name="media_id" id="C42C2C1D-045C-DBBD-D48C-72759E6DBEE7">
<createdBy>vtan0019</createdBy>
<createdTime>2020-05-12 15:26:41 UTC</createdTime>
<commentInRDBMS><![CDATA[media surrogate key]]></commentInRDBMS>
<ownerDesignName>mau_oraclemodel</ownerDesignName>
<engineerTo>
<item key="BC88129E-3AC4-ACAD-F1DB-ACED842CCC44" value="true"/>
</engineerTo>
<useDomainConstraints>false</useDomainConstraints>
<use>1</use>
<logicalDatatype>LOGDT019</logicalDatatype>
<dataTypePrecision>7</dataTypePrecision>
<ownDataTypeParameters>,7,</ownDataTypeParameters>
</Attribute>
<Attribute name="media_description" id="03DD0C45-D73B-2A5F-FE1A-8330348CA5A9">
<createdBy>vtan0019</createdBy>
<createdTime>2020-05-11 17:19:26 UTC</createdTime>
<commentInRDBMS><![CDATA[media description]]></commentInRDBMS>
<ownerDesignName>mau_oraclemodel</ownerDesignName>
<engineerTo>
<item key="BC88129E-3AC4-ACAD-F1DB-ACED842CCC44" value="true"/>
</engineerTo>
<useDomainConstraints>false</useDomainConstraints>
<use>1</use>
<logicalDatatype>LOGDT024</logicalDatatype>
<dataTypeSize>30</dataTypeSize>
<ownDataTypeParameters>30,,</ownDataTypeParameters>
</Attribute>
</attributes>
<identifiers itemClass="oracle.dbtools.crest.model.design.logical.CandidateKey">
<identifier id="6A66B799-5A7D-B0C4-9BC8-8A7CB67DA49D" name="MEDIA PK">
<createdBy>vtan0019</createdBy>
<createdTime>2020-05-11 17:22:21 UTC</createdTime>
<ownerDesignName>mau_oraclemodel</ownerDesignName>
<engineerTo>
<item key="BC88129E-3AC4-ACAD-F1DB-ACED842CCC44" value="true"/>
</engineerTo>
<pk>true</pk>
<newElementsIDs>C42C2C1D-045C-DBBD-D48C-72759E6DBEE7</newElementsIDs>
<usedAttributes>
<attributeRef>C42C2C1D-045C-DBBD-D48C-72759E6DBEE7</attributeRef>
</usedAttributes>
</identifier>
<identifier id="CADCDE71-C079-6C1D-C17C-7FBD006414C7" name="NK media">
<createdBy>vtan0019</createdBy>
<createdTime>2020-05-12 15:27:38 UTC</createdTime>
<ownerDesignName>mau_oraclemodel</ownerDesignName>
<engineerTo>
<item key="BC88129E-3AC4-ACAD-F1DB-ACED842CCC44" value="true"/>
</engineerTo>
<newElementsIDs>03DD0C45-D73B-2A5F-FE1A-8330348CA5A9</newElementsIDs>
<usedAttributes>
<attributeRef>03DD0C45-D73B-2A5F-FE1A-8330348CA5A9</attributeRef>
</usedAttributes>
</identifier>
</identifiers>
</Entity>
