<?xml version = '1.0' encoding = 'UTF-8'?>
<Entity class="oracle.dbtools.crest.model.design.logical.Entity" directorySegmentName="seg_0" id="599B7463-1014-C40D-4B91-8B4D5E4E1240" name="STYLE">
<createdBy>vtan0019</createdBy>
<createdTime>2020-05-11 17:10:39 UTC</createdTime>
<ownerDesignName>mau_oraclemodel</ownerDesignName>
<engineerTo>
<item key="BC88129E-3AC4-ACAD-F1DB-ACED842CCC44" value="true"/>
</engineerTo>
<adequatelyNormalized>NO</adequatelyNormalized>
<expectedVolumes>0</expectedVolumes>
<fwdEngineeringStrategyName>Single Table</fwdEngineeringStrategyName>
<growthPercent>0</growthPercent>
<growthType>Year</growthType>
<maxVolumes>9999999</maxVolumes>
<minVolumes>0</minVolumes>
<normalForm>Third</normalForm>
<attributes itemClass="oracle.dbtools.crest.model.design.logical.Attribute">
<Attribute name="style_id" id="F876D39E-832F-052B-0086-1B2DCFA6E241">
<createdBy>vtan0019</createdBy>
<createdTime>2020-05-12 15:29:17 UTC</createdTime>
<commentInRDBMS><![CDATA[style surrogate key]]></commentInRDBMS>
<ownerDesignName>mau_oraclemodel</ownerDesignName>
<engineerTo>
<item key="BC88129E-3AC4-ACAD-F1DB-ACED842CCC44" value="true"/>
</engineerTo>
<useDomainConstraints>false</useDomainConstraints>
<use>1</use>
<logicalDatatype>LOGDT019</logicalDatatype>
<dataTypePrecision>7</dataTypePrecision>
<ownDataTypeParameters>,7,</ownDataTypeParameters>
</Attribute>
<Attribute name="style_name" id="BAD269CF-15A7-06D1-BD97-FDE271EAA844">
<createdBy>vtan0019</createdBy>
<createdTime>2020-05-11 17:11:34 UTC</createdTime>
<commentInRDBMS><![CDATA[style name]]></commentInRDBMS>
<ownerDesignName>mau_oraclemodel</ownerDesignName>
<engineerTo>
<item key="BC88129E-3AC4-ACAD-F1DB-ACED842CCC44" value="true"/>
</engineerTo>
<useDomainConstraints>false</useDomainConstraints>
<use>1</use>
<logicalDatatype>LOGDT024</logicalDatatype>
<dataTypeSize>80</dataTypeSize>
<ownDataTypeParameters>80,,</ownDataTypeParameters>
</Attribute>
<Attribute name="style_parent_id" id="DFD8D37C-0E22-C8D6-FA35-85058CA6B84E">
<createdBy>vtan0019</createdBy>
<createdTime>2020-05-13 04:10:04 UTC</createdTime>
<commentInRDBMS><![CDATA[style surrogate key]]></commentInRDBMS>
<generatorID>DA5B9299-79FD-B893-9EB4-DF9A1D981FDF</generatorID>
<ownerDesignName>mau_oraclemodel</ownerDesignName>
<engineerTo>
<item key="BC88129E-3AC4-ACAD-F1DB-ACED842CCC44" value="true"/>
</engineerTo>
<nullsAllowed>true</nullsAllowed>
<referedAttribute>F876D39E-832F-052B-0086-1B2DCFA6E241</referedAttribute>
<useDomainConstraints>false</useDomainConstraints>
<use>1</use>
<logicalDatatype>LOGDT019</logicalDatatype>
<dataTypePrecision>7</dataTypePrecision>
<ownDataTypeParameters>,,</ownDataTypeParameters>
</Attribute>
</attributes>
<identifiers itemClass="oracle.dbtools.crest.model.design.logical.CandidateKey">
<identifier id="CF673F83-F5DB-5B4F-B737-130E6A918EE9" name="STYLE PK">
<createdBy>vtan0019</createdBy>
<createdTime>2020-05-11 17:12:27 UTC</createdTime>
<ownerDesignName>mau_oraclemodel</ownerDesignName>
<shouldEngineer>false</shouldEngineer>
<engineerTo>
<item key="BC88129E-3AC4-ACAD-F1DB-ACED842CCC44" value="false"/>
</engineerTo>
<pk>true</pk>
<newElementsIDs>F876D39E-832F-052B-0086-1B2DCFA6E241</newElementsIDs>
<usedAttributes>
<attributeRef>F876D39E-832F-052B-0086-1B2DCFA6E241</attributeRef>
</usedAttributes>
</identifier>
<identifier id="0C743EC0-B325-F96E-7E71-C76141748652" name="NK style">
<createdBy>vtan0019</createdBy>
<createdTime>2020-05-12 15:29:52 UTC</createdTime>
<ownerDesignName>mau_oraclemodel</ownerDesignName>
<shouldEngineer>false</shouldEngineer>
<engineerTo>
<item key="BC88129E-3AC4-ACAD-F1DB-ACED842CCC44" value="false"/>
</engineerTo>
<newElementsIDs>BAD269CF-15A7-06D1-BD97-FDE271EAA844</newElementsIDs>
<usedAttributes>
<attributeRef>BAD269CF-15A7-06D1-BD97-FDE271EAA844</attributeRef>
</usedAttributes>
</identifier>
</identifiers>
</Entity>
