<?xml version = '1.0' encoding = 'UTF-8'?>
<Entity class="oracle.dbtools.crest.model.design.logical.Entity" directorySegmentName="seg_0" id="B651F99C-63E9-AD97-B25F-8E39474B3A15" name="ARTWORK">
<createdBy>vtan0019</createdBy>
<createdTime>2020-05-11 16:43:46 UTC</createdTime>
<ownerDesignName>mau_oraclemodel</ownerDesignName>
<engineerTo>
<item key="BC88129E-3AC4-ACAD-F1DB-ACED842CCC44" value="true"/>
</engineerTo>
<adequatelyNormalized>NO</adequatelyNormalized>
<expectedVolumes>0</expectedVolumes>
<fwdEngineeringStrategyName>Single Table</fwdEngineeringStrategyName>
<growthPercent>0</growthPercent>
<growthType>Year</growthType>
<maxVolumes>9999999</maxVolumes>
<minVolumes>0</minVolumes>
<normalForm>Third</normalForm>
<attributes itemClass="oracle.dbtools.crest.model.design.logical.Attribute">
<Attribute name="artist_code" id="2C99A897-7D27-D500-5475-963C028B2F56">
<createdBy>vtan0019</createdBy>
<createdTime>2020-05-12 10:04:11 UTC</createdTime>
<commentInRDBMS><![CDATA[artist number]]></commentInRDBMS>
<generatorID>FA82C6E5-95E4-9A46-5C99-C12ACAF146B5</generatorID>
<ownerDesignName>mau_oraclemodel</ownerDesignName>
<engineerTo>
<item key="BC88129E-3AC4-ACAD-F1DB-ACED842CCC44" value="true"/>
</engineerTo>
<referedAttribute>29842778-9805-0CCC-94B9-7CB385880F01</referedAttribute>
<useDomainConstraints>false</useDomainConstraints>
<use>1</use>
<logicalDatatype>LOGDT019</logicalDatatype>
<dataTypePrecision>4</dataTypePrecision>
<ownDataTypeParameters>,4,</ownDataTypeParameters>
</Attribute>
<Attribute name="artwork_no" id="B3FBDC78-A3D2-51AC-6D63-0D02A7359CCF">
<createdBy>vtan0019</createdBy>
<createdTime>2020-05-11 16:43:53 UTC</createdTime>
<commentInRDBMS><![CDATA[artwork number]]></commentInRDBMS>
<ownerDesignName>mau_oraclemodel</ownerDesignName>
<engineerTo>
<item key="BC88129E-3AC4-ACAD-F1DB-ACED842CCC44" value="true"/>
</engineerTo>
<useDomainConstraints>false</useDomainConstraints>
<use>1</use>
<logicalDatatype>LOGDT019</logicalDatatype>
<dataTypePrecision>3</dataTypePrecision>
<ownDataTypeParameters>,3,</ownDataTypeParameters>
</Attribute>
<Attribute name="artwork_title" id="6B9A74F0-C1A8-440B-F7F8-C1F5B2BF8CA8">
<createdBy>vtan0019</createdBy>
<createdTime>2020-05-11 16:49:42 UTC</createdTime>
<commentInRDBMS><![CDATA[artwork title]]></commentInRDBMS>
<ownerDesignName>mau_oraclemodel</ownerDesignName>
<engineerTo>
<item key="BC88129E-3AC4-ACAD-F1DB-ACED842CCC44" value="true"/>
</engineerTo>
<useDomainConstraints>false</useDomainConstraints>
<use>1</use>
<logicalDatatype>LOGDT024</logicalDatatype>
<dataTypeSize>80</dataTypeSize>
<ownDataTypeParameters>80,,</ownDataTypeParameters>
</Attribute>
<Attribute name="artwork_date_added" id="088A16C3-0F2A-BCA4-4C4F-903376C5C715">
<createdBy>vtan0019</createdBy>
<createdTime>2020-05-11 16:51:45 UTC</createdTime>
<commentInRDBMS><![CDATA[artwork date added to stock]]></commentInRDBMS>
<ownerDesignName>mau_oraclemodel</ownerDesignName>
<engineerTo>
<item key="BC88129E-3AC4-ACAD-F1DB-ACED842CCC44" value="true"/>
</engineerTo>
<useDomainConstraints>false</useDomainConstraints>
<use>1</use>
<logicalDatatype>LOGDT007</logicalDatatype>
<ownDataTypeParameters>,,</ownDataTypeParameters>
</Attribute>
<Attribute name="artwork_min_price" id="947CAF8B-3D6C-05FA-8398-CB56F0A0D51A">
<createdBy>vtan0019</createdBy>
<createdTime>2020-05-11 16:53:10 UTC</createdTime>
<commentInRDBMS><![CDATA[artwork minimum price artist receives when sold]]></commentInRDBMS>
<ownerDesignName>mau_oraclemodel</ownerDesignName>
<engineerTo>
<item key="BC88129E-3AC4-ACAD-F1DB-ACED842CCC44" value="true"/>
</engineerTo>
<useDomainConstraints>false</useDomainConstraints>
<use>1</use>
<logicalDatatype>LOGDT019</logicalDatatype>
<dataTypePrecision>10</dataTypePrecision>
<dataTypeScale>2</dataTypeScale>
<ownDataTypeParameters>,10,2</ownDataTypeParameters>
</Attribute>
<Attribute name="media_id" id="3F8A9AF6-F995-736E-08A4-6238B09570B2">
<createdBy>vtan0019</createdBy>
<createdTime>2020-05-12 15:26:53 UTC</createdTime>
<commentInRDBMS><![CDATA[media surrogate key]]></commentInRDBMS>
<generatorID>E6A79E85-0B27-2407-2E8B-1A322AFAF42A</generatorID>
<ownerDesignName>mau_oraclemodel</ownerDesignName>
<engineerTo>
<item key="BC88129E-3AC4-ACAD-F1DB-ACED842CCC44" value="true"/>
</engineerTo>
<referedAttribute>C42C2C1D-045C-DBBD-D48C-72759E6DBEE7</referedAttribute>
<useDomainConstraints>false</useDomainConstraints>
<use>1</use>
<logicalDatatype>LOGDT019</logicalDatatype>
<dataTypePrecision>7</dataTypePrecision>
<ownDataTypeParameters>,,</ownDataTypeParameters>
</Attribute>
<Attribute name="style_id" id="FFA6A894-175C-F64C-47FB-EAC6B482EEFB">
<createdBy>vtan0019</createdBy>
<createdTime>2020-05-12 15:29:43 UTC</createdTime>
<commentInRDBMS><![CDATA[style surrogate key]]></commentInRDBMS>
<generatorID>41E881E6-B60B-FDBF-F6EF-4BD381DF7793</generatorID>
<ownerDesignName>mau_oraclemodel</ownerDesignName>
<engineerTo>
<item key="BC88129E-3AC4-ACAD-F1DB-ACED842CCC44" value="true"/>
</engineerTo>
<referedAttribute>F876D39E-832F-052B-0086-1B2DCFA6E241</referedAttribute>
<useDomainConstraints>false</useDomainConstraints>
<use>1</use>
<logicalDatatype>LOGDT019</logicalDatatype>
<dataTypePrecision>7</dataTypePrecision>
<ownDataTypeParameters>,,</ownDataTypeParameters>
</Attribute>
</attributes>
<identifiers itemClass="oracle.dbtools.crest.model.design.logical.CandidateKey">
<identifier id="396CF851-1DF9-6817-DD1C-D47631EC7460" name="ARTWORK PK">
<createdBy>vtan0019</createdBy>
<createdTime>2020-05-11 16:49:31 UTC</createdTime>
<ownerDesignName>mau_oraclemodel</ownerDesignName>
<engineerTo>
<item key="BC88129E-3AC4-ACAD-F1DB-ACED842CCC44" value="true"/>
</engineerTo>
<pk>true</pk>
<usedAttributes>
<attributeRef>B3FBDC78-A3D2-51AC-6D63-0D02A7359CCF</attributeRef>
<attributeRef>2C99A897-7D27-D500-5475-963C028B2F56</attributeRef>
</usedAttributes>
</identifier>
</identifiers>
</Entity>
