<?xml version = '1.0' encoding = 'UTF-8'?>
<Entity class="oracle.dbtools.crest.model.design.logical.Entity" directorySegmentName="seg_0" id="D6E529C4-82EA-F9E6-ECB6-DBDDD5A390FF" name="CUSTOMER">
<createdBy>vtan0019</createdBy>
<createdTime>2020-05-11 17:05:50 UTC</createdTime>
<ownerDesignName>mau_oraclemodel</ownerDesignName>
<engineerTo>
<item key="BC88129E-3AC4-ACAD-F1DB-ACED842CCC44" value="true"/>
</engineerTo>
<adequatelyNormalized>NO</adequatelyNormalized>
<expectedVolumes>0</expectedVolumes>
<fwdEngineeringStrategyName>Single Table</fwdEngineeringStrategyName>
<growthPercent>0</growthPercent>
<growthType>Year</growthType>
<maxVolumes>9999999</maxVolumes>
<minVolumes>0</minVolumes>
<normalForm>Third</normalForm>
<attributes itemClass="oracle.dbtools.crest.model.design.logical.Attribute">
<Attribute name="customer_id" id="6F3F2723-1CEC-4EFC-F048-6D40A67F1C33">
<createdBy>vtan0019</createdBy>
<createdTime>2020-05-11 17:06:00 UTC</createdTime>
<commentInRDBMS><![CDATA[customer id]]></commentInRDBMS>
<ownerDesignName>mau_oraclemodel</ownerDesignName>
<engineerTo>
<item key="BC88129E-3AC4-ACAD-F1DB-ACED842CCC44" value="true"/>
</engineerTo>
<useDomainConstraints>false</useDomainConstraints>
<use>1</use>
<logicalDatatype>LOGDT019</logicalDatatype>
<dataTypePrecision>7</dataTypePrecision>
<ownDataTypeParameters>,7,</ownDataTypeParameters>
</Attribute>
<Attribute name="customer_givname" id="E407786F-FD81-C538-B9C0-B8F8ACEFBB4A">
<createdBy>vtan0019</createdBy>
<createdTime>2020-05-11 17:06:21 UTC</createdTime>
<commentInRDBMS><![CDATA[customer given name]]></commentInRDBMS>
<ownerDesignName>mau_oraclemodel</ownerDesignName>
<engineerTo>
<item key="BC88129E-3AC4-ACAD-F1DB-ACED842CCC44" value="true"/>
</engineerTo>
<useDomainConstraints>false</useDomainConstraints>
<use>1</use>
<logicalDatatype>LOGDT024</logicalDatatype>
<dataTypeSize>30</dataTypeSize>
<ownDataTypeParameters>30,,</ownDataTypeParameters>
</Attribute>
<Attribute name="customer_famname" id="1324DCC4-7358-32BB-980C-A71355E46B23">
<createdBy>vtan0019</createdBy>
<createdTime>2020-05-11 17:06:40 UTC</createdTime>
<commentInRDBMS><![CDATA[customer family name]]></commentInRDBMS>
<ownerDesignName>mau_oraclemodel</ownerDesignName>
<engineerTo>
<item key="BC88129E-3AC4-ACAD-F1DB-ACED842CCC44" value="true"/>
</engineerTo>
<useDomainConstraints>false</useDomainConstraints>
<use>1</use>
<logicalDatatype>LOGDT024</logicalDatatype>
<dataTypeSize>30</dataTypeSize>
<ownDataTypeParameters>30,,</ownDataTypeParameters>
</Attribute>
<Attribute name="customer_street" id="C0313C72-8BDC-85DF-3A1B-A356993051FB">
<createdBy>vtan0019</createdBy>
<createdTime>2020-05-11 17:07:06 UTC</createdTime>
<commentInRDBMS><![CDATA[cutomer street of address]]></commentInRDBMS>
<ownerDesignName>mau_oraclemodel</ownerDesignName>
<engineerTo>
<item key="BC88129E-3AC4-ACAD-F1DB-ACED842CCC44" value="true"/>
</engineerTo>
<useDomainConstraints>false</useDomainConstraints>
<use>1</use>
<logicalDatatype>LOGDT024</logicalDatatype>
<dataTypeSize>30</dataTypeSize>
<ownDataTypeParameters>30,,</ownDataTypeParameters>
</Attribute>
<Attribute name="customer_town" id="4BB45727-AF5C-7AF7-C83D-4A9F76EE2991">
<createdBy>vtan0019</createdBy>
<createdTime>2020-05-11 17:08:04 UTC</createdTime>
<commentInRDBMS><![CDATA[customer town of address]]></commentInRDBMS>
<ownerDesignName>mau_oraclemodel</ownerDesignName>
<engineerTo>
<item key="BC88129E-3AC4-ACAD-F1DB-ACED842CCC44" value="true"/>
</engineerTo>
<useDomainConstraints>false</useDomainConstraints>
<use>1</use>
<logicalDatatype>LOGDT024</logicalDatatype>
<dataTypeSize>30</dataTypeSize>
<ownDataTypeParameters>30,,</ownDataTypeParameters>
</Attribute>
<Attribute name="customer_state" id="E55D3B10-A3E1-4507-2963-ACBA4DC3BD47">
<createdBy>vtan0019</createdBy>
<createdTime>2020-05-11 17:08:37 UTC</createdTime>
<commentInRDBMS><![CDATA[customer state of address in abbreviation]]></commentInRDBMS>
<ownerDesignName>mau_oraclemodel</ownerDesignName>
<engineerTo>
<item key="BC88129E-3AC4-ACAD-F1DB-ACED842CCC44" value="true"/>
</engineerTo>
<useDomainConstraints>false</useDomainConstraints>
<use>1</use>
<logicalDatatype>LOGDT025</logicalDatatype>
<dataTypeSize>3</dataTypeSize>
<ownDataTypeParameters>3,,</ownDataTypeParameters>
</Attribute>
<Attribute name="customer_phone" id="81EEC600-845A-12F8-14AE-50B514B17558">
<createdBy>vtan0019</createdBy>
<createdTime>2020-05-11 17:09:02 UTC</createdTime>
<commentInRDBMS><![CDATA[customer phone number]]></commentInRDBMS>
<ownerDesignName>mau_oraclemodel</ownerDesignName>
<engineerTo>
<item key="BC88129E-3AC4-ACAD-F1DB-ACED842CCC44" value="true"/>
</engineerTo>
<useDomainConstraints>false</useDomainConstraints>
<use>1</use>
<logicalDatatype>LOGDT025</logicalDatatype>
<dataTypeSize>10</dataTypeSize>
<ownDataTypeParameters>10,,</ownDataTypeParameters>
</Attribute>
<Attribute name="customer_biz_name" id="CDEB4131-7BDB-CD3A-5097-934CBBE4D083">
<createdBy>vtan0019</createdBy>
<createdTime>2020-05-11 17:31:15 UTC</createdTime>
<commentInRDBMS><![CDATA[customer business name]]></commentInRDBMS>
<ownerDesignName>mau_oraclemodel</ownerDesignName>
<engineerTo>
<item key="BC88129E-3AC4-ACAD-F1DB-ACED842CCC44" value="true"/>
</engineerTo>
<nullsAllowed>true</nullsAllowed>
<useDomainConstraints>false</useDomainConstraints>
<use>1</use>
<logicalDatatype>LOGDT024</logicalDatatype>
<dataTypeSize>30</dataTypeSize>
<ownDataTypeParameters>30,,</ownDataTypeParameters>
</Attribute>
</attributes>
<identifiers itemClass="oracle.dbtools.crest.model.design.logical.CandidateKey">
<identifier id="FA31E5CB-1290-FBE7-D835-893D21FF8E6D" name="CUSTOMER PK">
<createdBy>vtan0019</createdBy>
<createdTime>2020-05-11 17:06:15 UTC</createdTime>
<ownerDesignName>mau_oraclemodel</ownerDesignName>
<engineerTo>
<item key="BC88129E-3AC4-ACAD-F1DB-ACED842CCC44" value="true"/>
</engineerTo>
<pk>true</pk>
<usedAttributes>
<attributeRef>6F3F2723-1CEC-4EFC-F048-6D40A67F1C33</attributeRef>
</usedAttributes>
</identifier>
</identifiers>
</Entity>
