<?xml version = '1.0' encoding = 'UTF-8'?>
<Entity class="oracle.dbtools.crest.model.design.logical.Entity" directorySegmentName="seg_0" id="E3ECC22C-4924-1709-9EA8-9B8F2E374062" name="EXHIBIT">
<createdBy>vtan0019</createdBy>
<createdTime>2020-05-11 16:57:58 UTC</createdTime>
<ownerDesignName>mau_oraclemodel</ownerDesignName>
<engineerTo>
<item key="BC88129E-3AC4-ACAD-F1DB-ACED842CCC44" value="true"/>
</engineerTo>
<adequatelyNormalized>NO</adequatelyNormalized>
<expectedVolumes>0</expectedVolumes>
<fwdEngineeringStrategyName>Single Table</fwdEngineeringStrategyName>
<growthPercent>0</growthPercent>
<growthType>Year</growthType>
<maxVolumes>9999999</maxVolumes>
<minVolumes>0</minVolumes>
<normalForm>Third</normalForm>
<attributes itemClass="oracle.dbtools.crest.model.design.logical.Attribute">
<Attribute name="exhibit_id" id="64FE7286-13FC-64CE-0CC0-7F5F440BD2F8">
<createdBy>vtan0019</createdBy>
<createdTime>2020-05-12 15:18:07 UTC</createdTime>
<commentInRDBMS><![CDATA[exhibit surrogate key]]></commentInRDBMS>
<ownerDesignName>mau_oraclemodel</ownerDesignName>
<engineerTo>
<item key="BC88129E-3AC4-ACAD-F1DB-ACED842CCC44" value="true"/>
</engineerTo>
<useDomainConstraints>false</useDomainConstraints>
<use>1</use>
<logicalDatatype>LOGDT019</logicalDatatype>
<dataTypePrecision>7</dataTypePrecision>
<ownDataTypeParameters>,7,</ownDataTypeParameters>
</Attribute>
<Attribute name="artist_code" id="53C8928C-2E37-506D-58F7-405E4D2A99ED">
<createdBy>vtan0019</createdBy>
<createdTime>2020-05-12 10:25:06 UTC</createdTime>
<commentInRDBMS><![CDATA[artist number]]></commentInRDBMS>
<generatorID>BD05B923-6DC8-9B83-7A9F-6AB0A9DB82DA</generatorID>
<ownerDesignName>mau_oraclemodel</ownerDesignName>
<engineerTo>
<item key="BC88129E-3AC4-ACAD-F1DB-ACED842CCC44" value="true"/>
</engineerTo>
<referedAttribute>2C99A897-7D27-D500-5475-963C028B2F56</referedAttribute>
<useDomainConstraints>false</useDomainConstraints>
<use>1</use>
<logicalDatatype>LOGDT019</logicalDatatype>
<dataTypePrecision>4</dataTypePrecision>
<ownDataTypeParameters>,,</ownDataTypeParameters>
</Attribute>
<Attribute name="artwork_no" id="4FCF0348-CB95-AD1F-8211-119452C0702E">
<createdBy>vtan0019</createdBy>
<createdTime>2020-05-12 10:25:06 UTC</createdTime>
<commentInRDBMS><![CDATA[artwork number]]></commentInRDBMS>
<generatorID>BD05B923-6DC8-9B83-7A9F-6AB0A9DB82DA</generatorID>
<ownerDesignName>mau_oraclemodel</ownerDesignName>
<engineerTo>
<item key="BC88129E-3AC4-ACAD-F1DB-ACED842CCC44" value="true"/>
</engineerTo>
<referedAttribute>B3FBDC78-A3D2-51AC-6D63-0D02A7359CCF</referedAttribute>
<useDomainConstraints>false</useDomainConstraints>
<use>1</use>
<logicalDatatype>LOGDT019</logicalDatatype>
<dataTypePrecision>3</dataTypePrecision>
<ownDataTypeParameters>,3,</ownDataTypeParameters>
</Attribute>
<Attribute name="exhibit_start_date" id="43749361-1712-BE95-D32B-D4193E4D0CB2">
<createdBy>vtan0019</createdBy>
<createdTime>2020-05-11 16:58:07 UTC</createdTime>
<commentInRDBMS><![CDATA[date exhibit started]]></commentInRDBMS>
<ownerDesignName>mau_oraclemodel</ownerDesignName>
<engineerTo>
<item key="BC88129E-3AC4-ACAD-F1DB-ACED842CCC44" value="true"/>
</engineerTo>
<useDomainConstraints>false</useDomainConstraints>
<use>1</use>
<logicalDatatype>LOGDT007</logicalDatatype>
<ownDataTypeParameters>,,</ownDataTypeParameters>
</Attribute>
<Attribute name="exhibit_end_date" id="F8278518-20CC-0C76-5BBD-3C5163E745A6">
<createdBy>vtan0019</createdBy>
<createdTime>2020-05-11 16:59:15 UTC</createdTime>
<commentInRDBMS><![CDATA[date exhibit ended]]></commentInRDBMS>
<ownerDesignName>mau_oraclemodel</ownerDesignName>
<engineerTo>
<item key="BC88129E-3AC4-ACAD-F1DB-ACED842CCC44" value="true"/>
</engineerTo>
<nullsAllowed>true</nullsAllowed>
<useDomainConstraints>false</useDomainConstraints>
<use>1</use>
<logicalDatatype>LOGDT007</logicalDatatype>
<ownDataTypeParameters>,,</ownDataTypeParameters>
</Attribute>
<Attribute name="exhibit_catalog_feature" id="E10491EC-5475-320D-7581-8BA7FDDC20FC">
<createdBy>vtan0019</createdBy>
<createdTime>2020-05-11 16:59:54 UTC</createdTime>
<commentInRDBMS><![CDATA[was exhibit featured in catalog]]></commentInRDBMS>
<ownerDesignName>mau_oraclemodel</ownerDesignName>
<engineerTo>
<item key="BC88129E-3AC4-ACAD-F1DB-ACED842CCC44" value="true"/>
</engineerTo>
<constraintName>chk_exhibit_catalog_feature</constraintName>
<useDomainConstraints>false</useDomainConstraints>
<use>1</use>
<logicalDatatype>LOGDT024</logicalDatatype>
<dataTypeSize>3</dataTypeSize>
<listOfValues>
<valueDef value="No" description="artwork was not featured in catalog"/>
<valueDef value="Yes" description="artwork was featured in catalog"/>
</listOfValues>
<ownDataTypeParameters>3,,</ownDataTypeParameters>
</Attribute>
<Attribute name="gallery_id" id="0F895F28-DC35-227F-D447-94399E100A79">
<createdBy>vtan0019</createdBy>
<createdTime>2020-05-12 10:47:49 UTC</createdTime>
<commentInRDBMS><![CDATA[gallery id]]></commentInRDBMS>
<generatorID>79629027-FD4D-1200-AAD8-7081BE93B0B5</generatorID>
<ownerDesignName>mau_oraclemodel</ownerDesignName>
<engineerTo>
<item key="BC88129E-3AC4-ACAD-F1DB-ACED842CCC44" value="true"/>
</engineerTo>
<referedAttribute>2C120950-3DFD-A146-2C67-B382C05ED4E7</referedAttribute>
<useDomainConstraints>false</useDomainConstraints>
<use>1</use>
<logicalDatatype>LOGDT019</logicalDatatype>
<dataTypePrecision>3</dataTypePrecision>
<ownDataTypeParameters>,3,</ownDataTypeParameters>
</Attribute>
</attributes>
<identifiers itemClass="oracle.dbtools.crest.model.design.logical.CandidateKey">
<identifier id="F9D61B90-9FF5-BE5F-51B4-49A03292D1DC" name="EXHIBIT PK">
<createdBy>vtan0019</createdBy>
<createdTime>2020-05-11 16:58:28 UTC</createdTime>
<ownerDesignName>mau_oraclemodel</ownerDesignName>
<engineerTo>
<item key="BC88129E-3AC4-ACAD-F1DB-ACED842CCC44" value="true"/>
</engineerTo>
<pk>true</pk>
<newElementsIDs>64FE7286-13FC-64CE-0CC0-7F5F440BD2F8</newElementsIDs>
<usedAttributes>
<attributeRef>64FE7286-13FC-64CE-0CC0-7F5F440BD2F8</attributeRef>
</usedAttributes>
</identifier>
<identifier id="376B593F-499D-0E9B-7F31-3BC2B8793A9F" name="NK exhibit">
<createdBy>vtan0019</createdBy>
<createdTime>2020-05-12 15:21:09 UTC</createdTime>
<ownerDesignName>mau_oraclemodel</ownerDesignName>
<engineerTo>
<item key="BC88129E-3AC4-ACAD-F1DB-ACED842CCC44" value="true"/>
</engineerTo>
<newElementsIDs>BD05B923-6DC8-9B83-7A9F-6AB0A9DB82DA,43749361-1712-BE95-D32B-D4193E4D0CB2</newElementsIDs>
<usedAttributes>
<attributeRef>4FCF0348-CB95-AD1F-8211-119452C0702E</attributeRef>
<attributeRef>53C8928C-2E37-506D-58F7-405E4D2A99ED</attributeRef>
<attributeRef>43749361-1712-BE95-D32B-D4193E4D0CB2</attributeRef>
</usedAttributes>
</identifier>
</identifiers>
</Entity>
