<?xml version = '1.0' encoding = 'UTF-8'?>
<Entity class="oracle.dbtools.crest.model.design.logical.Entity" directorySegmentName="seg_0" id="E78A2B32-E29D-85DD-2782-62CAA21ECFE7" name="SALE">
<createdBy>vtan0019</createdBy>
<createdTime>2020-05-11 17:02:34 UTC</createdTime>
<ownerDesignName>mau_oraclemodel</ownerDesignName>
<engineerTo>
<item key="BC88129E-3AC4-ACAD-F1DB-ACED842CCC44" value="true"/>
</engineerTo>
<adequatelyNormalized>NO</adequatelyNormalized>
<expectedVolumes>0</expectedVolumes>
<fwdEngineeringStrategyName>Single Table</fwdEngineeringStrategyName>
<growthPercent>0</growthPercent>
<growthType>Year</growthType>
<maxVolumes>9999999</maxVolumes>
<minVolumes>0</minVolumes>
<normalForm>Third</normalForm>
<attributes itemClass="oracle.dbtools.crest.model.design.logical.Attribute">
<Attribute name="sale_id" id="33571582-68CC-CCDA-8408-3F4982889016">
<createdBy>vtan0019</createdBy>
<createdTime>2020-05-11 17:02:53 UTC</createdTime>
<commentInRDBMS><![CDATA[sale id]]></commentInRDBMS>
<ownerDesignName>mau_oraclemodel</ownerDesignName>
<engineerTo>
<item key="BC88129E-3AC4-ACAD-F1DB-ACED842CCC44" value="true"/>
</engineerTo>
<useDomainConstraints>false</useDomainConstraints>
<use>1</use>
<logicalDatatype>LOGDT019</logicalDatatype>
<dataTypePrecision>7</dataTypePrecision>
<ownDataTypeParameters>,7,</ownDataTypeParameters>
</Attribute>
<Attribute name="sale_date" id="B8C6721A-CBB0-A03B-F15C-5F73BB0BA11B">
<createdBy>vtan0019</createdBy>
<createdTime>2020-05-11 17:03:51 UTC</createdTime>
<commentInRDBMS><![CDATA[date of sale]]></commentInRDBMS>
<ownerDesignName>mau_oraclemodel</ownerDesignName>
<engineerTo>
<item key="BC88129E-3AC4-ACAD-F1DB-ACED842CCC44" value="true"/>
</engineerTo>
<useDomainConstraints>false</useDomainConstraints>
<use>1</use>
<logicalDatatype>LOGDT007</logicalDatatype>
<ownDataTypeParameters>,,</ownDataTypeParameters>
</Attribute>
<Attribute name="sale_price" id="6362ECB6-7708-E1B5-D8CD-D74FB161FD9B">
<createdBy>vtan0019</createdBy>
<createdTime>2020-05-11 17:05:19 UTC</createdTime>
<commentInRDBMS><![CDATA[sale price]]></commentInRDBMS>
<ownerDesignName>mau_oraclemodel</ownerDesignName>
<engineerTo>
<item key="BC88129E-3AC4-ACAD-F1DB-ACED842CCC44" value="true"/>
</engineerTo>
<useDomainConstraints>false</useDomainConstraints>
<use>1</use>
<logicalDatatype>LOGDT019</logicalDatatype>
<dataTypePrecision>10</dataTypePrecision>
<dataTypeScale>2</dataTypeScale>
<ownDataTypeParameters>,10,2</ownDataTypeParameters>
</Attribute>
<Attribute name="customer_id" id="96076955-94FF-E46D-50B4-B05761B352A0">
<createdBy>vtan0019</createdBy>
<createdTime>2020-05-12 10:53:11 UTC</createdTime>
<commentInRDBMS><![CDATA[customer id]]></commentInRDBMS>
<generatorID>FC2CECE2-0798-7B20-AE33-A4A4C26EC6C3</generatorID>
<ownerDesignName>mau_oraclemodel</ownerDesignName>
<engineerTo>
<item key="BC88129E-3AC4-ACAD-F1DB-ACED842CCC44" value="true"/>
</engineerTo>
<referedAttribute>6F3F2723-1CEC-4EFC-F048-6D40A67F1C33</referedAttribute>
<useDomainConstraints>false</useDomainConstraints>
<use>1</use>
<logicalDatatype>LOGDT019</logicalDatatype>
<dataTypePrecision>7</dataTypePrecision>
<ownDataTypeParameters>,7,</ownDataTypeParameters>
</Attribute>
<Attribute name="exhibit_id" id="9ED8E4C0-6283-D94F-4124-72EF55EDFFE1">
<createdBy>vtan0019</createdBy>
<createdTime>2020-05-12 15:18:23 UTC</createdTime>
<commentInRDBMS><![CDATA[exhibit surrogate key]]></commentInRDBMS>
<generatorID>3033DF46-F4D7-B3B6-E952-E0CB8F0E339C</generatorID>
<ownerDesignName>mau_oraclemodel</ownerDesignName>
<engineerTo>
<item key="BC88129E-3AC4-ACAD-F1DB-ACED842CCC44" value="true"/>
</engineerTo>
<referedAttribute>64FE7286-13FC-64CE-0CC0-7F5F440BD2F8</referedAttribute>
<useDomainConstraints>false</useDomainConstraints>
<use>1</use>
<logicalDatatype>LOGDT019</logicalDatatype>
<dataTypePrecision>7</dataTypePrecision>
<ownDataTypeParameters>,,</ownDataTypeParameters>
</Attribute>
</attributes>
<identifiers itemClass="oracle.dbtools.crest.model.design.logical.CandidateKey">
<identifier id="9788A6E8-B9E0-5A74-2D1E-733D8290AE39" name="SALE PK">
<createdBy>vtan0019</createdBy>
<createdTime>2020-05-11 17:03:05 UTC</createdTime>
<ownerDesignName>mau_oraclemodel</ownerDesignName>
<engineerTo>
<item key="BC88129E-3AC4-ACAD-F1DB-ACED842CCC44" value="true"/>
</engineerTo>
<pk>true</pk>
<usedAttributes>
<attributeRef>33571582-68CC-CCDA-8408-3F4982889016</attributeRef>
</usedAttributes>
</identifier>
</identifiers>
</Entity>
