<?xml version = '1.0' encoding = 'UTF-8'?>
<Entity class="oracle.dbtools.crest.model.design.logical.Entity" directorySegmentName="seg_0" id="EB2AE6B9-CA50-B3BA-DF07-8F58DE34C5EE" name="GALLERY">
<createdBy>vtan0019</createdBy>
<createdTime>2020-05-11 10:49:39 UTC</createdTime>
<ownerDesignName>mau_oraclemodel</ownerDesignName>
<engineerTo>
<item key="BC88129E-3AC4-ACAD-F1DB-ACED842CCC44" value="true"/>
</engineerTo>
<adequatelyNormalized>NO</adequatelyNormalized>
<expectedVolumes>0</expectedVolumes>
<fwdEngineeringStrategyName>Single Table</fwdEngineeringStrategyName>
<growthPercent>0</growthPercent>
<growthType>Year</growthType>
<maxVolumes>9999999</maxVolumes>
<minVolumes>0</minVolumes>
<normalForm>Third</normalForm>
<attributes itemClass="oracle.dbtools.crest.model.design.logical.Attribute">
<Attribute name="gallery_id" id="2C120950-3DFD-A146-2C67-B382C05ED4E7">
<createdBy>vtan0019</createdBy>
<createdTime>2020-05-11 10:49:49 UTC</createdTime>
<commentInRDBMS><![CDATA[gallery id]]></commentInRDBMS>
<ownerDesignName>mau_oraclemodel</ownerDesignName>
<engineerTo>
<item key="BC88129E-3AC4-ACAD-F1DB-ACED842CCC44" value="true"/>
</engineerTo>
<useDomainConstraints>false</useDomainConstraints>
<use>1</use>
<logicalDatatype>LOGDT019</logicalDatatype>
<dataTypePrecision>3</dataTypePrecision>
<ownDataTypeParameters>,3,</ownDataTypeParameters>
</Attribute>
<Attribute name="gallery_name" id="64871AF3-F1A8-7714-D49E-DD9E2146C9D5">
<createdBy>vtan0019</createdBy>
<createdTime>2020-05-11 10:51:02 UTC</createdTime>
<commentInRDBMS><![CDATA[gallery name]]></commentInRDBMS>
<ownerDesignName>mau_oraclemodel</ownerDesignName>
<engineerTo>
<item key="BC88129E-3AC4-ACAD-F1DB-ACED842CCC44" value="true"/>
</engineerTo>
<useDomainConstraints>false</useDomainConstraints>
<use>1</use>
<logicalDatatype>LOGDT024</logicalDatatype>
<dataTypeSize>30</dataTypeSize>
<ownDataTypeParameters>30,,</ownDataTypeParameters>
</Attribute>
<Attribute name="gallery_street" id="972C9358-A174-C697-9F5E-3239314BBA27">
<createdBy>vtan0019</createdBy>
<createdTime>2020-05-11 10:51:33 UTC</createdTime>
<commentInRDBMS><![CDATA[gallery street of address]]></commentInRDBMS>
<ownerDesignName>mau_oraclemodel</ownerDesignName>
<engineerTo>
<item key="BC88129E-3AC4-ACAD-F1DB-ACED842CCC44" value="true"/>
</engineerTo>
<useDomainConstraints>false</useDomainConstraints>
<use>1</use>
<logicalDatatype>LOGDT024</logicalDatatype>
<dataTypeSize>30</dataTypeSize>
<ownDataTypeParameters>30,,</ownDataTypeParameters>
</Attribute>
<Attribute name="gallery_town" id="390F2678-376E-D135-969C-3051C408E06D">
<createdBy>vtan0019</createdBy>
<createdTime>2020-05-11 10:52:28 UTC</createdTime>
<commentInRDBMS><![CDATA[gallery town]]></commentInRDBMS>
<ownerDesignName>mau_oraclemodel</ownerDesignName>
<engineerTo>
<item key="BC88129E-3AC4-ACAD-F1DB-ACED842CCC44" value="true"/>
</engineerTo>
<useDomainConstraints>false</useDomainConstraints>
<use>1</use>
<logicalDatatype>LOGDT024</logicalDatatype>
<dataTypeSize>30</dataTypeSize>
<ownDataTypeParameters>30,,</ownDataTypeParameters>
</Attribute>
<Attribute name="gallery_state" id="2F0BD9EB-CB4B-283D-29E3-0DD46E40CABE">
<createdBy>vtan0019</createdBy>
<createdTime>2020-05-11 10:52:55 UTC</createdTime>
<commentInRDBMS><![CDATA[gallery state of address in abbreviation]]></commentInRDBMS>
<ownerDesignName>mau_oraclemodel</ownerDesignName>
<engineerTo>
<item key="BC88129E-3AC4-ACAD-F1DB-ACED842CCC44" value="true"/>
</engineerTo>
<useDomainConstraints>false</useDomainConstraints>
<use>1</use>
<logicalDatatype>LOGDT025</logicalDatatype>
<dataTypeSize>3</dataTypeSize>
<ownDataTypeParameters>3,,</ownDataTypeParameters>
</Attribute>
<Attribute name="gallery_open_time" id="4BB43145-B653-DE35-1777-DE25E687F098">
<createdBy>vtan0019</createdBy>
<createdTime>2020-05-11 10:55:43 UTC</createdTime>
<commentInRDBMS><![CDATA[gallery opening time]]></commentInRDBMS>
<ownerDesignName>mau_oraclemodel</ownerDesignName>
<engineerTo>
<item key="BC88129E-3AC4-ACAD-F1DB-ACED842CCC44" value="true"/>
</engineerTo>
<useDomainConstraints>false</useDomainConstraints>
<use>1</use>
<logicalDatatype>LOGDT007</logicalDatatype>
<ownDataTypeParameters>,,</ownDataTypeParameters>
</Attribute>
<Attribute name="gallery_close_time" id="FA904167-B316-2054-C7EA-0FE8B8890344">
<createdBy>vtan0019</createdBy>
<createdTime>2020-05-11 10:56:22 UTC</createdTime>
<commentInRDBMS><![CDATA[gallery closing time]]></commentInRDBMS>
<ownerDesignName>mau_oraclemodel</ownerDesignName>
<engineerTo>
<item key="BC88129E-3AC4-ACAD-F1DB-ACED842CCC44" value="true"/>
</engineerTo>
<useDomainConstraints>false</useDomainConstraints>
<use>1</use>
<logicalDatatype>LOGDT007</logicalDatatype>
<ownDataTypeParameters>,,</ownDataTypeParameters>
</Attribute>
<Attribute name="gallery_mngr_givname" id="BD2B0C0D-8212-DD18-583B-E1FE12BC4F46">
<createdBy>vtan0019</createdBy>
<createdTime>2020-05-11 11:00:53 UTC</createdTime>
<commentInRDBMS><![CDATA[gallery manager's given name]]></commentInRDBMS>
<ownerDesignName>mau_oraclemodel</ownerDesignName>
<engineerTo>
<item key="BC88129E-3AC4-ACAD-F1DB-ACED842CCC44" value="true"/>
</engineerTo>
<useDomainConstraints>false</useDomainConstraints>
<use>1</use>
<logicalDatatype>LOGDT024</logicalDatatype>
<dataTypeSize>30</dataTypeSize>
<ownDataTypeParameters>30,,</ownDataTypeParameters>
</Attribute>
<Attribute name="gallery_mngr_famname" id="89DAB021-28A5-0C2F-7238-C0B6FEF4DEA5">
<createdBy>vtan0019</createdBy>
<createdTime>2020-05-11 11:02:12 UTC</createdTime>
<commentInRDBMS><![CDATA[gallery manager's family name]]></commentInRDBMS>
<ownerDesignName>mau_oraclemodel</ownerDesignName>
<engineerTo>
<item key="BC88129E-3AC4-ACAD-F1DB-ACED842CCC44" value="true"/>
</engineerTo>
<useDomainConstraints>false</useDomainConstraints>
<use>1</use>
<logicalDatatype>LOGDT024</logicalDatatype>
<dataTypeSize>30</dataTypeSize>
<ownDataTypeParameters>30,,</ownDataTypeParameters>
</Attribute>
<Attribute name="gallery_phone" id="6F70B53D-23D9-1101-BD0E-9435A40965BD">
<createdBy>vtan0019</createdBy>
<createdTime>2020-05-11 10:56:54 UTC</createdTime>
<commentInRDBMS><![CDATA[gallery contact phone number]]></commentInRDBMS>
<ownerDesignName>mau_oraclemodel</ownerDesignName>
<engineerTo>
<item key="BC88129E-3AC4-ACAD-F1DB-ACED842CCC44" value="true"/>
</engineerTo>
<useDomainConstraints>false</useDomainConstraints>
<use>1</use>
<logicalDatatype>LOGDT025</logicalDatatype>
<dataTypeSize>10</dataTypeSize>
<ownDataTypeParameters>10,,</ownDataTypeParameters>
</Attribute>
<Attribute name="gallery_commission" id="C18372ED-F3FF-C948-8C64-F979DC047FBB">
<createdBy>vtan0019</createdBy>
<createdTime>2020-05-11 16:41:00 UTC</createdTime>
<commentInRDBMS><![CDATA[gallery commision as a percentage of the sale]]></commentInRDBMS>
<ownerDesignName>mau_oraclemodel</ownerDesignName>
<engineerTo>
<item key="BC88129E-3AC4-ACAD-F1DB-ACED842CCC44" value="true"/>
</engineerTo>
<useDomainConstraints>false</useDomainConstraints>
<use>1</use>
<logicalDatatype>LOGDT019</logicalDatatype>
<dataTypePrecision>2</dataTypePrecision>
<ownDataTypeParameters>,2,</ownDataTypeParameters>
</Attribute>
</attributes>
<identifiers itemClass="oracle.dbtools.crest.model.design.logical.CandidateKey">
<identifier id="29AA8B03-87C3-CF93-78D0-48EF64326A55" name="GALLERY PK">
<createdBy>vtan0019</createdBy>
<createdTime>2020-05-11 10:50:51 UTC</createdTime>
<ownerDesignName>mau_oraclemodel</ownerDesignName>
<engineerTo>
<item key="BC88129E-3AC4-ACAD-F1DB-ACED842CCC44" value="true"/>
</engineerTo>
<pk>true</pk>
<usedAttributes>
<attributeRef>2C120950-3DFD-A146-2C67-B382C05ED4E7</attributeRef>
</usedAttributes>
</identifier>
</identifiers>
</Entity>
